"start_station_name","start_lat","start_lng","total_rides","casual_rides","casual_percentage"
"Keeler Ave & Roosevelt Rd",41.866402,-87.7300171,127,124,97.64
"Navy Pier Public Rack - East",41.89093,-87.6096738,400,363,90.75
"Navy Pier Public Rack - West",41.8909738,-87.6114815,407,367,90.17
"Campbell Ave & 51st St",41.80094,-87.68676,103,92,89.32
"Wabash Ave & 59th St",41.787052970257335,-87.62402973196657,103,88,85.44
"Perry Ave & 69th St",41.76929308995,-87.6281959291,332,282,84.94
"Western Ave & 101st St",41.71011,-87.68198,105,89,84.76
"Fairfield Ave & 44th St",41.813617,-87.6932272,277,233,84.12
"St Louis Ave & Norman Bobbins Pl",41.79439,-87.71132,113,94,83.19
"Kedzie Ave & 52nd St",41.79906,-87.70342,130,108,83.08
"Shedd Aquarium",41.86722595682,-87.6153553902,20305,16710,82.30
"Halsted St & 73rd St",41.76160543804394,-87.64416097666071,113,93,82.30
"Halsted St & 69th St",41.76906172032,-87.6446135779,117,96,82.05
"Field Museum",41.865312,-87.617867,12360,10066,81.44
"Damen Ave & 81st St",41.746534,-87.673055,102,83,81.37
"Big Marsh Park",41.68587705562333,-87.57382392883301,367,297,80.93
"Cicero Ave & Lake St",41.886841,-87.745261,175,141,80.57
"Homan Ave & 26th St",41.84425,-87.70983,143,115,80.42
"Oak St Beach Public Rack - South",41.9018549,-87.6222465,262,210,80.15
"State St & 95th St",41.7218499,-87.6228544,331,263,79.46
"Dan Ryan Woods & 83rd St",41.742805,-87.680177,182,144,79.12
"DuSable Lake Shore Dr & Monroe St",41.880958,-87.616743,40485,31993,79.02
"Laramie Ave & Addison St",41.9456842,-87.7569344,264,207,78.41
"Kostner Ave & 63rd St",41.77875,-87.73246,138,108,78.26
"Lincoln Park Zoo",41.92242,-87.63195,272,212,77.94
"DuSable Lake Shore Dr & Jackson Blvd",41.87831,-87.61695,704,547,77.70
"Rockwell St & 57th St",41.79031,-87.68888,147,114,77.55
"Theater on the Lake Overflow Corral",41.92621,-87.63109,273,211,77.29
"Navy Pier",41.892278,-87.612043,71252,54838,76.96
"DuSable Lake Shore Dr & Balbo Dr",41.87318,-87.61685,531,406,76.46
"Obama Presidential Center",41.786419,-87.586462,536,408,76.12
"Shabbona Park",41.9448,-87.79932,173,130,75.14
"Pulaski Rd & 54th St",41.79499,-87.72361,106,79,74.53
"North Avenue Beach",41.91399,-87.62527,1825,1344,73.64
"Dusable Harbor",41.886976,-87.612813,19769,14463,73.16
"Pershing Rd & Sacramento Ave",41.8223772681012,-87.69975413003766,145,106,73.10
"Washtenaw Ave & Polk St",41.8711028,-87.693683,288,210,72.92
"Pulaski Rd & Congress Pkwy",41.87441021003816,-87.72609159350395,210,153,72.86
"Adler Planetarium",41.866095,-87.607267,14100,10246,72.67
"McCormick Place",41.8513751729,-87.6188346489,6866,4971,72.40
"Austin Blvd & Chicago Ave",41.894887,-87.774704,119,86,72.27
"Hale Ave & 107th St",41.69920616812768,-87.66891896724701,111,80,72.07
"Cumberland Ave & Catherine Ave",41.97732,-87.83674,171,122,71.35
"Prospect Sq & 91st St",41.7282338,-87.6675239,167,119,71.26
"Narragansett Ave & North Ave",41.9095,-87.78491,149,106,71.14
"Tripp Ave & 65th St",41.77491,-87.72883,120,85,70.83
"Narragansett Ave & McLean Ave",41.9159,-87.78511,107,75,70.09
"Long Ave & Belmont Ave",41.93833,-87.76166,227,159,70.04
"Halsted St & 59th St",41.787539,-87.644874,110,77,70.00
"Walden Pkwy & 100th St",41.71216410359803,-87.66773343086243,220,151,68.64
"California Ave & 41st St",41.81867,-87.69441,300,205,68.33
"Public Rack - Michigan Ave & Wacker Dr (North)",41.88935706,-87.62397971,444,303,68.24
"Public Rack - St Clair St & Superior St",41.89570279,-87.62331577,229,156,68.12
"Millennium Park",41.8810317,-87.62408432,26568,18087,68.08
"North Avenue Beach Pedestrian Bridge",41.915633,-87.628214,488,331,67.83
"Lawler Ave & North Ave",41.9091754,-87.7522545,139,94,67.63
"Marmora Ave & Irving Park Rd",41.9531072,-87.7747326,244,165,67.62
"Fort Dearborn Dr & 31st St",41.838556,-87.608218,1881,1270,67.52
"Mason Ave & Grand Ave",41.9204347,-87.7743901,132,89,67.42
"Museum Campus Metra Station",41.86935203347068,-87.62288152244207,316,213,67.41
"63rd St Beach",41.78091096424803,-87.57632374763489,1315,881,67.00
"Oak St Beach Public Rack - North",41.9027778,-87.6235803,233,156,66.95
"Wells St & 19th St",41.856802,-87.633879,1784,1193,66.87
"Laramie Ave & Irving Park Rd",41.9533354,-87.7583844,328,219,66.77
"Wentworth Ave & 63rd St",41.78007963264,-87.6297463052,195,130,66.67
"Ewing Ave & 106th St",41.70266,-87.53564,104,68,65.38
"Kedzie Ave & 54th Pl",41.794357,-87.703467,155,101,65.16
"Burnham Greenway & 112th St",41.69177385116831,-87.53043115139008,154,100,64.94
"Steelworkers Park",41.73793,-87.53091,147,95,64.63
"Lawndale Ave & 30th St",41.8389124,-87.7168955,147,94,63.95
"Michigan Ave & 8th St",41.872773,-87.623981,17210,10910,63.39
"Central Park Ave & Washington Blvd",41.8827476,-87.7153994,117,74,63.25
"Central Park Ave & 24th St",41.8481,-87.715068,297,187,62.96
"Pulaski Rd & Lake St",41.885409,-87.726491,172,108,62.79
"Spaulding Ave & 16th St",41.8590732,-87.7078929,118,74,62.71
"Central Ave & Roscoe St",41.942275,-87.76695,123,77,62.60
"Central Park Ave & Ogden Ave",41.854063503874464,-87.71511733531952,673,421,62.56
"Portage Park",41.95607,-87.76472,419,262,62.53
"Michigan Ave & Oak St",41.90096039,-87.62377664,35765,22331,62.44
"Stony Island Ave & 67th St",41.77345849948,-87.5853397391,319,199,62.38
"Western Ave & 79th St",41.750843,-87.682701,101,63,62.38
"Vincennes Ave & 104th St",41.70492556499764,-87.65686810958869,103,64,62.14
"California Ave & Marquette Rd",41.771611,-87.693331,116,72,62.07
"Sayre Ave & Diversey Ave",41.93098,-87.80106,158,98,62.03
"Calumet Park",41.71370983035615,-87.53084421157837,157,97,61.78
"Dauphin Ave & 103rd St",41.7072503677818,-87.60766267776489,107,66,61.68
"Kedzie Ave & 48th Pl",41.8047581237684,-87.70421936879356,739,455,61.57
"State St & 45th St",41.81313,-87.62585,169,104,61.54
"Public Rack - Cicero Ave & Belle Plaine Ave",41.955625,-87.747517,104,64,61.54
"Midway Orange Line",41.78692,-87.73892,559,344,61.54
"Homan Ave & Arthington Ave",41.86963,-87.71055,119,73,61.34
"Museum Campus Metra Station",41.86935,-87.62178,2755,1685,61.16
"Public Rack - Ogden Ave & Monroe St",41.88001378,-87.66761091,190,116,61.05
"North Ave Beach Overflow Corral",41.9139321,-87.6252532,251,153,60.96
"Public Rack - Wabash Ave & Balbo Dr",41.87318756,-87.62619832,151,92,60.93
"Buckingham Fountain",41.86959,-87.623961,4932,3003,60.89
"Laramie Ave & Kinzie St",41.887832,-87.755527,158,96,60.76
"Clark/Racine Corral",41.950436,-87.6593212,1583,961,60.71
"Monticello Ave & Chicago Ave",41.89581,-87.71763,150,91,60.67
"Chicago State University",41.71896342165455,-87.60829567909241,188,114,60.64
"Fort Dearborn Dr & 31st St*",41.83867632897121,-87.60883212089539,4008,2417,60.30
"Halsted St & 63rd St",41.77938114228,-87.6446208145,193,116,60.10
"Menard Ave & Milwaukee Ave",41.98139,-87.77331,105,63,60.00
"Austin Blvd & Madison St",41.880281,-87.774453,207,124,59.90
"Nordica Ave & Medill Ave",41.92227,-87.80202,182,109,59.89
"Kedzie Ave & 24th St",41.848193,-87.705412,222,132,59.46
"California Ave & 36th St",41.828098,-87.694684,143,85,59.44
"Cannon Dr & Fullerton Ave",41.9267559875,-87.6344287848,4637,2751,59.33
"Addison/Sheffield SW Corral",41.9469539,-87.6544123,1528,904,59.16
"Eddy/Seminary Corral",41.9461279,-87.6566721,2578,1525,59.15
"Narragansett Ave & Wrightwood Ave",41.92729,-87.78523,338,199,58.88
"Addison/Wilton Corral",41.9473827,-87.6531716,837,492,58.78
"Pulaski Rd & 51st St",41.800434,-87.7247496,671,394,58.72
"Kedzie Ave & 57th St",41.78983,-87.7031,414,243,58.70
"South Shore Dr & 67th St",41.773643,-87.567514,792,463,58.46
"Mozart St & Jackson Blvd",41.8775,-87.6974,207,121,58.45
"Central & Elston",41.9855,-87.7682,173,101,58.38
"Austin Blvd & Lake St",41.88794379427211,-87.77427345514297,367,214,58.31
"Rockwell St & 47th St",41.80853,-87.68942,127,74,58.27
"MLK Jr Dr & 56th St",41.79342945658,-87.6158532619,200,116,58.00
"Morgan St & Pershing Rd",41.823613,-87.650931,195,113,57.95
"Meade Ave & Fullerton Ave",41.924751,-87.778272,159,92,57.86
"Francisco Ave & 47th St",41.80849,-87.69673,165,95,57.58
"Griffin Museum of Science and Industry",41.79172820953,-87.583945009,5658,3258,57.58
"Halsted St & North Branch St",41.89939028549696,-87.64854490756989,681,392,57.56
"Grace St & Central Ave",41.9495327,-87.7672648,179,103,57.54
"California Ave & Madison St",41.88098,-87.69598,211,121,57.35
"Montrose Harbor",41.963982,-87.638181,18227,10435,57.25
"Theater on the Lake",41.926277,-87.630834,28303,16139,57.02
"Long Ave & Irving Park Rd",41.95301,-87.76214,165,94,56.97
"Lakefront Trail & Wilson Ave",41.9668559,-87.6430926,6166,3513,56.97
"Prairie Ave & 43rd St",41.81665889302,-87.6194124619,699,398,56.94
"Public Rack - Michigan Ave & Delaware Pl",41.89915253,-87.62377649,577,328,56.85
"Public Rack - Michigan Ave & Wacker Dr (South)",41.88813083,-87.62417237,601,341,56.74
"Addison/Racine Corral",41.9470683,-87.6593535,1660,940,56.63
"Ashland Ave & Pershing Rd",41.823465,-87.665577,419,237,56.56
"DuSable Lake Shore Dr & North Blvd",41.911722,-87.626804,34734,19622,56.49
"North Ave Public Rack - 5",41.9177217,-87.6282882,108,61,56.48
"State St & Pershing Rd",41.82301523798,-87.6265680185,126,71,56.35
"Waveland/Racine Corral",41.9488214,-87.6592823,2090,1177,56.32
"Dauphin Ave & 87th St",41.73648,-87.601252,139,78,56.12
"Central Park Ave & Ohio St",41.89188,-87.71644,139,78,56.12
"Michigan Ave & Ida B Wells Dr",41.876203,-87.624464,7295,4082,55.96
"Stony Island Ave & 63rd St",41.780506,-87.586853,790,441,55.82
"Central Ave & Wellington Ave",41.9349097,-87.7667718,138,77,55.80
"Public Rack - Rush St & Ontario St",41.89310919,-87.62535276,375,209,55.73
"Eberhart Ave & 61st St",41.784071072761,-87.61448353528975,350,194,55.43
"Clark/Newport Corral",41.9449411,-87.654611,1704,944,55.40
"Michigan Ave & Jackson Blvd",41.878556,-87.624146,11098,6148,55.40
"Higgins Ave & Austin Ave",41.97342,-87.77865,152,84,55.26
"Racine/Eddy Corral",41.9463404,-87.6591024,1345,743,55.24
"Public Rack - Rush St & Ohio St",41.89259223,-87.62585969,365,201,55.07
"State St & 79th St",41.750794,-87.624424,201,110,54.73
"California & 16th St",41.859228,-87.695562,211,115,54.50
"Sheffield/Newport Corral",41.9446132,-87.6542018,2883,1569,54.42
"Lakefront Trail & Wilson Ave",41.9658742,-87.6455061,901,490,54.38
"Union Ave & Root St",41.819102,-87.643278,199,108,54.27
"Wood St & 33rd St",41.83427,-87.6706,222,120,54.05
"Rockwell St & Fletcher St",41.938689,-87.692972,100,54,54.00
"Public Rack - Dearborn St & Kinzie St 2",41.8893116,-87.62938824,271,146,53.87
"Addison/Sheffield SE Corral",41.9470281,-87.654252,831,447,53.79
"Public Rack - Clybourn Ave & Webster Ave",41.92155279,-87.66449674,640,341,53.28
"Lake Park Ave & 35th St",41.83127423549,-87.6087991946,2119,1123,53.00
"Lincoln Park Conservatory",41.92393131136619,-87.63582453131676,12843,6803,52.97
"Public Rack - Karlov Ave & Milwaukee Ave",41.942702,-87.730011,138,73,52.90
"Washtenaw Ave & Polk St",41.87114,-87.69377,227,120,52.86
"Waveland/Wilton Corral",41.9489031,-87.653141,222,117,52.70
"Kedzie Ave & Archer Ave",41.81447,-87.70411,148,78,52.70
"Cottage Grove Ave & Oakwood Blvd",41.822985,-87.6071,990,521,52.63
"Stony Island Ave & 64th St",41.778881,-87.586647,289,152,52.60
"Wentworth Ave & Cermak Rd*",41.853214418519656,-87.63187229633331,6325,3327,52.60
"Public Rack - Ashland Orange Line CTA",41.83922899,-87.6656411,154,81,52.60
"Conservatory Dr & Lake St",41.885502,-87.716866,628,329,52.39
"Public Rack - Lincoln Ave & Fullteron Ave (Northwest)",41.92582741,-87.64943466,382,200,52.36
"Grace St & Cicero Ave",41.94973,-87.74695,258,135,52.33
"Sheffield/Cornelia Corral",41.9452875,-87.6542225,1063,554,52.12
"Wentworth Ave & 24th St",41.85008369347577,-87.6321405172348,1851,961,51.92
"Chicago Ave & Grove St",42.0452227,-87.6799575,214,111,51.87
"Western Blvd & 48th Pl",41.805661,-87.683392,515,267,51.84
"Public Rack - Halsted St Metra Station",41.86043539,-87.64683102,164,85,51.83
"Lincolnwood Dr & Central St",42.064854,-87.715297,440,228,51.82
"Wentworth Ave & 35th St",41.830777,-87.632504,2482,1282,51.65
"Chicago Ave & Sheridan Rd",42.050491,-87.677821,5968,3082,51.64
"Public Rack - Racine Ave & Nelson St",41.93726,-87.658981,905,467,51.60
"Michigan Ave & 9th St",41.87094,-87.62439,2009,1036,51.57
"Laramie Ave & Bloomingdale Ave",41.91432,-87.75572,185,95,51.35
"Evanston Civic Center",42.057044,-87.686554,1632,833,51.04
"Pine Ave & Division St",41.9019,-87.76389,198,101,51.01
"Washington/Green (Green Side) Corral",41.8833012,-87.6486656,100,51,51.00
"Public Rack - Oakley Blvd & Grand Ave",41.890651,-87.684103,114,58,50.88
"Michigan Ave & Pearson St",41.89766,-87.62351,7776,3950,50.80
"Indiana Ave & 40th St",41.82168,-87.6216,435,220,50.57
"Sacramento Blvd & Fulton St",41.88653,-87.70165,198,100,50.51
"Public Rack - Southport Ave & Webster Ave",41.92155961,-87.66337146,214,108,50.47
"Kilbourn Ave & Milwaukee Ave",41.9489235,-87.7400354,643,322,50.08
"Ashland Ave & 50th St",41.803023,-87.664699,236,118,50.00
"Lakewood Ave & Addison St",41.9472,-87.66085,1497,747,49.90
"MLK Jr Dr & 63rd St",41.78008063659,-87.6159428567,187,93,49.73
"Public Rack - Milwaukee Ave & Haussen Ct",41.937752,-87.721623,312,155,49.68
"Dodge Ave & Mulford St",42.023463,-87.699595,425,211,49.65
"Inner Lake Shore Dr & Aldine Ave",41.94232,-87.63989,4036,2004,49.65
"Jeffery Blvd & 67th St",41.77351755125,-87.5771428255,561,278,49.55
"Burnham Harbor",41.85741178707404,-87.61379152536392,9395,4631,49.29
"Kedzie Ave & Lake St",41.88460328501,-87.7063037436,601,296,49.25
"State St & 29th St",41.8417,-87.62693,321,158,49.22
"Western Ave & Lake St",41.88481,-87.68668,468,230,49.15
"Baltimore Ave & 87th St",41.73733560041666,-87.54851460456847,110,54,49.09
"Dorchester Ave & 63rd St",41.7804056457,-87.5914159893,756,371,49.07
"Lowell Ave & Armitage Ave",41.9170767,-87.7353543,404,198,49.01
"North Avenue Beach Pedestrian Bridge",41.91521,-87.62855,100,49,49.00
"Harding Ave & Division St",41.9023453,-87.7250744,168,82,48.81
"Glenwood Ave & Devon Ave",41.99791,-87.66545,532,259,48.68
"Sheridan Rd & Noyes St (NU)",42.058239,-87.677432,6982,3399,48.68
"Wabash Ave & Wacker Pl",41.886875,-87.62603,5302,2577,48.60
"Kedzie Ave & Roosevelt Rd",41.86649278172,-87.7064961757,138,67,48.55
"Calumet Ave & 21st St",41.85418424947,-87.6191537415,4831,2345,48.54
"Austin Ave & Milwaukee Ave",41.98736,-87.77805,169,82,48.52
"Ping Tom Park East Public Rack",41.8579886,-87.6319447,188,91,48.40
"Calumet Ave & 51st St",41.80229465088,-87.6180535802,554,268,48.38
"Public Rack - Dearborn St & Kinzie St 1",41.88907808,-87.62948506,765,370,48.37
"Central St Metra",42.063598,-87.69873,1188,573,48.23
"Public Rack - Halsted St & Fullerton Ave",41.92554512,-87.64781047,311,150,48.23
"Central Park Ave & North Ave",41.90965687563,-87.7166319516,1081,520,48.10
"Damen Ave & Madison St",41.88137,-87.67493,2498,1201,48.08
"Lavergne Ave & Diversey Ave",41.93128,-87.75141,231,111,48.05
"Francisco Ave & Bloomingdale Ave",41.91396,-87.6994,1647,790,47.97
"Public Rack - Wells St & North Ave",41.91095637,-87.63461626,728,349,47.94
"Archer Ave & Wentworth Ave",41.8546868,-87.6308531,2559,1224,47.83
"Halsted St & 51st St",41.80183164049,-87.645213904,343,164,47.81
"Woodlawn Ave & Lake Park Ave",41.81409271048,-87.5970051479,1023,489,47.80
"Harlem Ave & Irving Park Rd",41.95326,-87.80714,216,103,47.69
"University Ave & 65th St",41.77694,-87.59842,743,352,47.38
"The Salt Shed",41.90689,-87.65978,4251,2010,47.28
"Campbell Ave & Irving Park Rd",41.953634,-87.690782,384,181,47.14
"Public Rack - St Clair St & Ontario St",41.89366468,-87.6226649,111,52,46.85
"Hamlin Ave & Grand Ave",41.904035,-87.721563,171,80,46.78
"Clinton St & Polk St",41.87146651779,-87.6409491327,1144,535,46.77
"Harding Ave & 26th St",41.844218,-87.723347,120,56,46.67
"Wabash Ave & Cermak Rd",41.852619,-87.626488,3344,1559,46.62
"Kostner Ave & Bryn Mawr Ave",41.982765,-87.738094,324,151,46.60
"Le Mai Ave & Devon Ave",41.99722,-87.75687,103,48,46.60
"Burling St & Armitage Ave",41.91808,-87.64728,833,388,46.58
"Avers Ave & Foster Ave",41.97541,-87.72452,325,151,46.46
"Public Rack - Burling Ave & Armitage Ave",41.91814108,-87.64714058,110,51,46.36
"Valli Produce - Evanston Plaza",42.039742,-87.699413,725,336,46.34
"Leclaire Ave & Belmont Ave",41.939041,-87.754197,177,82,46.33
"Springfield Ave & North Ave",41.910158,-87.723831,447,207,46.31
"Sheffield Ave & Addison St",41.947017,-87.654418,5007,2318,46.30
"Damen Ave & Pershing Rd",41.823192,-87.676597,268,124,46.27
"Western Ave & 24th St",41.84847,-87.685109,827,382,46.19
"Cottage Grove Ave & 83rd St",41.743441,-87.604836,193,89,46.11
"Indiana Ave & 31st St",41.838842,-87.621857,1434,659,45.96
"Kedzie Ave & Harrison St",41.87359967462,-87.7048707493,148,68,45.95
"Leavitt St & Archer Ave",41.82879201994,-87.6806044594,1054,484,45.92
"Sheffield Ave & Waveland Ave",41.949399,-87.654529,11758,5394,45.88
"Lakefront Trail & Bryn Mawr Ave",41.98404411519213,-87.65228122472763,11693,5363,45.87
"Rush St & Illinois St",41.89087,-87.62584,5309,2430,45.77
"Wabash Ave & 87th St",41.73655301831962,-87.62264415621758,149,68,45.64
"Sheffield Ave & School St",41.94236,-87.65427,2456,1120,45.60
"Central Ave & Altgeld St",41.9258119,-87.7663685,250,114,45.60
"Troy St & North Ave",41.90976930169,-87.7052804871,2221,1011,45.52
"Public Rack - Dearborn St & Jackson Ave",41.87802962,-87.62940128,165,75,45.45
"Harlem Ave & Bloomingdale Ave",41.91203,-87.80577,152,69,45.39
"Wallace St & 35th St",41.83070705144085,-87.64125533401966,1291,586,45.39
"Shields Ave & 43rd St",41.81620767856,-87.6348193497,150,68,45.33
"Lake/Morgan Corral",41.8854978,-87.6523157,139,63,45.32
"Hoyne Ave & 47th St",41.808227,-87.67718,554,251,45.31
"Sheffield Ave & Addison St ",41.947017,-87.654418,6659,3016,45.29
"University Library (NU)",42.052939,-87.673447,2458,1109,45.12
"Winthrop Ave & Sheridan Rd",41.99814,-87.65885,584,263,45.03
"Princeton Ave & 47th St",41.80931770924,-87.633449288,503,226,44.93
"Keeler Ave & Carmen Ave",41.974323,-87.7331,363,163,44.90
"Broadway & Oakdale Ave",41.9355863,-87.6440474,147,66,44.90
"Sacramento Blvd & Franklin Blvd",41.89046879243862,-87.70260751247406,248,111,44.76
"Clark St & Grace St",41.95078,-87.659172,9328,4175,44.76
"Sacramento Blvd & Addison St",41.94609,-87.702988,439,196,44.65
"Knox Ave & Montrose Ave",41.960631,-87.745359,911,406,44.57
"Prairie Ave & Garfield Blvd",41.794853,-87.618691,1403,624,44.48
"Public Rack - Wells St & Grand Ave",41.89103356,-87.63415517,117,52,44.44
"Ping Tom Park (East)",41.8579886,-87.6319447,275,122,44.36
"Public Rack - Keystone Ave & Irving Park Rd",41.953449,-87.729635,147,65,44.22
"Parnell Ave & 31st St",41.837911,-87.640279,865,382,44.16
"California Ave & Lake St",41.88445395657,-87.6962981368,827,365,44.14
"Halsted St & Archer Ave",41.847203,-87.646795,2745,1210,44.08
"Pulaski Rd & Eddy St",41.946264,-87.731023,761,335,44.02
"California Ave & Touhy Ave",42.0120368,-87.7004371,384,169,44.01
"Public Rack - Jonathan Y Scammon Public School",41.941612,-87.732372,250,110,44.00
"Calumet Ave & 35th St",41.831379,-87.618034,1025,451,44.00
"Paulina St & Howard St",42.019159,-87.673573,2327,1022,43.92
"Lexington St & California Ave",41.8719938,-87.6958108,310,136,43.87
"St Louis Ave & Armitage Ave",41.91717,-87.71358,390,171,43.85
"DuSable Lake Shore Dr & Belmont Ave",41.940775,-87.639192,14519,6365,43.84
"State St & 19th St",41.856575,-87.627568,105,46,43.81
"Racine Ave & Webster Ave",41.92161,-87.65803,1165,510,43.78
"Central St & Girard Ave",42.064313,-87.686152,1015,443,43.65
"Indiana Ave & Roosevelt Rd",41.867888,-87.623041,19553,8535,43.65
"Public Rack - Rockwell St & Chicago Ave",41.895855,-87.691857,179,78,43.58
"Dodge Ave & Church St",42.048308,-87.698224,920,400,43.48
"Public Rack - Hamlin Ave & Fullerton Ave",41.924319,-87.721446,196,85,43.37
"Racine Ave & 35th St",41.83068856472101,-87.65621066093445,847,367,43.33
"Campbell Ave & Fullerton Ave",41.92463247165,-87.6893070063,1996,863,43.24
"Racine/Lake Corral",41.8856855,-87.6568915,111,48,43.24
"Leavitt St & Addison St",41.946655,-87.683359,2943,1272,43.22
"Kosciuszko Park",41.93058537138,-87.7237773635,2255,973,43.15
"Public Rack - Wells St & Schiller St",41.90755273,-87.63451269,341,147,43.11
"Grace/Sheffield Corral",41.9511586,-87.6546115,745,321,43.09
"Rockwell St & Division St",41.90275,-87.69202,1790,771,43.07
"Fairfield Ave & Roosevelt Rd",41.866624,-87.694521,439,189,43.05
"Public Rack - Wells St & Lake St",41.88566761,-87.63375585,265,114,43.02
"Wood St & Walnut St",41.88612477838304,-87.67198414416876,856,368,42.99
"Francisco Ave & Hollywood Ave",41.98443,-87.70157,114,49,42.98
"Lockwood Ave & Grand Ave",41.9175941,-87.7584143,270,116,42.96
"Rainbow Beach",41.75787096522547,-87.54917675279042,170,73,42.94
"Central Ave & Madison St",41.880121,-87.763238,140,60,42.86
"Milwaukee Ave & Cuyler Ave",41.954468,-87.749594,553,237,42.86
"Public Rack - Southport Ave & Fullteron Ave",41.92509658,-87.66323499,301,129,42.86
"Public Rack - DuSable Lake Shore Dr & Ontario St",41.89434697,-87.61569137,201,86,42.79
"Public Rack - Webster Ave & Halsted St",41.92188868,-87.64847243,501,214,42.71
"Milwaukee Ave & Agatite Ave",41.9615,-87.75489,377,161,42.71
"Humboldt Blvd & Armitage Ave",41.91751339399,-87.7018089555,4928,2103,42.67
"Michigan Ave & Lake St",41.886022,-87.624398,20495,8743,42.66
"Damen Ave & Wabansia Ave",41.9122813,-87.6773211,324,138,42.59
"Halsted St & Court Pl",41.8837,-87.64722,1642,698,42.51
"Lavergne Ave & Fullerton Ave",41.924034,-87.751191,259,110,42.47
"Michigan Ave & Washington St",41.8839840647265,-87.6246839761734,19849,8427,42.46
"Public Rack - Wabash Ave & Chicago Ave",41.89678902,-87.62644291,172,73,42.44
"Kedvale Ave & Peterson Ave",41.9900762,-87.7317073,165,70,42.42
"Kostner Ave & Belmont Ave",41.939191,-87.737112,392,166,42.35
"Yates Blvd & 75th St",41.758768,-87.56644,135,57,42.22
"MLK Jr Dr & 47th St",41.809851,-87.616279,671,283,42.18
"Milwaukee Ave & Fullerton Ave",41.92469,-87.7006,4837,2036,42.09
"DuSable Lake Shore Dr & Diversey Pkwy",41.932588,-87.636427,18252,7671,42.03
"California Ave & Fletcher St",41.93842879148,-87.698007756,3101,1302,41.99
"Lake Park Ave & 47th St",41.809443,-87.591875,1851,775,41.87
"Milwaukee Ave & Diversey Ave",41.93266,-87.71222,693,290,41.85
"Central Ave & Lake St",41.887664,-87.765469,208,87,41.83
"Winthrop Ave & Bryn Mawr Ave",41.98384,-87.65806,1047,438,41.83
"Long & Irving Park",41.953038,-87.7621632,189,79,41.80
"Public Rack - Springfield Ave & Lawrence Ave",41.9683986,-87.7256873,122,51,41.80
"Kedzie Ave & Jackson Blvd",41.877161,-87.706134,182,76,41.76
"Exchange Ave & 79th St",41.75211500633265,-87.55200700025293,180,75,41.67
"Pine Grove Ave & Belmont Ave",41.94002,-87.64166,1135,472,41.59
"Clark St & Newport St",41.94454,-87.654678,12921,5369,41.55
"New St & Illinois St",41.89084704062381,-87.61861681938171,21186,8793,41.50
"Kilbourn Ave & Roscoe St",41.942722,-87.739557,451,187,41.46
"Stony Island Ave & 71st St",41.7664929373,-87.5864608775,309,128,41.42
"Public Rack - Harold Washington Park",41.801089,-87.584791,169,70,41.42
"Calumet Ave & 18th St",41.85761755293753,-87.61941075325012,8641,3574,41.36
"Kildare Ave & North Ave",41.9095392,-87.7338518,351,145,41.31
"Cottage Grove Ave & 43rd St",41.816499,-87.606582,746,308,41.29
"Central Park Ave & Ohio St",41.8918718,-87.7163879,131,54,41.22
"Rockwell St & Archer Ave",41.82272,-87.68982,558,230,41.22
"California Ave & North Ave",41.910044,-87.697167,3673,1514,41.22
"Public Rack - Clark St & Diversey Pkwy (North 1)",41.93318983,-87.6452992,311,128,41.16
"Lake/Green Corral",41.8854698,-87.6485637,632,260,41.14
"Public Rack - Leavitt St & Potomac Ave",41.904976,-87.682051,124,51,41.13
"Michigan Ave & 11th St",41.86959,-87.623961,2984,1227,41.12
"Public Rack - Rush St & Oak St",41.90069176,-87.62768428,985,405,41.12
"Clark St & North Ave",41.911974,-87.631942,9836,4028,40.95
"Field Blvd & South Water St",41.88634906269,-87.6175165471,13016,5329,40.94
"Public Rack - Clark St & Diversey Pkwy (South)",41.93256596,-87.6447809,335,137,40.90
"Leavitt St & Hirsch St",41.90689,-87.68233,1961,802,40.90
"DuSable Lake Shore Dr & Wellington Ave",41.9366884494997,-87.63682901859283,14193,5792,40.81
"Wilton Ave & Addison St",41.947459,-87.653216,5818,2365,40.65
"Clark St & Lincoln Ave",41.915689,-87.6346,23608,9591,40.63
"Shore Dr & 53rd St",41.79945,-87.58237,1441,585,40.60
"Lamon Ave & Armitage Ave",41.91676,-87.749458,138,56,40.58
"Clark St & Lake St",41.88602,-87.63087,880,357,40.57
"Albany Ave & Belmont Ave",41.939638,-87.705263,493,200,40.57
"Sheffield Ave & Armitage Ave Public Rack",41.917805,-87.653449,2325,943,40.56
"Clark St & Berwyn Ave",41.97803062248656,-87.66856491565704,937,379,40.45
"Overhill Ave & Belmont Ave",41.93799,-87.81915,104,42,40.38
"Public Rack - Racine Ave & Armitage Ave",41.91814969,-87.65830299,218,88,40.37
"Public Rack - Monticello Ave & Belmont Ave",41.939472,-87.718423,305,123,40.33
"Albany Ave & 26th St",41.844507,-87.701655,181,73,40.33
"Western Ave & 28th St",41.84151770807,-87.6851314409,186,75,40.32
"Public Rack - Wells St & Scott St",41.90478243,-87.63458456,975,393,40.31
"Paulina St & Adams St",41.87862,-87.66913,1794,722,40.25
"Elizabeth St & Fulton St",41.886827,-87.658937,254,102,40.16
"Richmond St & Lincoln Ave",41.9881174,-87.7031754,249,100,40.16
"Clark St & Eddy St ",41.94628,-87.65627,7037,2824,40.13
"Cottage Grove Ave & 67th St",41.77372095205,-87.60563486,409,164,40.10
"Clark St & 9th St (AMLI)",41.870816,-87.631246,4426,1775,40.10
"Chicago Ave & Washington St",42.032562,-87.679101,2959,1186,40.08
"Elston Ave & Henderson St",41.941499,-87.701051,541,216,39.93
"Damen Ave & Lake St",41.8849659,-87.6768354,4197,1675,39.91
"Milwaukee Ave & Rockwell St",41.92033,-87.69309,4035,1610,39.90
"Green St & Randolph St",41.883601657275165,-87.64862671494483,4072,1624,39.88
"Kostner Ave & Devon Ave",41.997032,-87.73837,261,104,39.85
"Kedzie Ave & Milwaukee Ave",41.9297142,-87.7079884,6785,2702,39.82
"South Shore Dr & 71st St",41.7664094567,-87.5656875719,1194,475,39.78
"Cottage Grove Ave & 63rd St",41.78053094070882,-87.6059702038765,1086,432,39.78
"Benson Ave & Church St",42.048214,-87.683485,6357,2528,39.77
"Kedzie Ave & 21st St",41.85353363213,-87.7050730318,601,239,39.77
"Richmond St & Diversey Ave",41.93190196886,-87.7011951301,2782,1106,39.76
"Stony Island Ave & 75th St",41.7586696704,-87.586882871,239,95,39.75
"Ashland Ave & McDowell Ave",41.809719,-87.663477,242,96,39.67
"Wabash Ave & Grand Ave",41.891466,-87.626761,21517,8529,39.64
"Houston Ave & 92nd St",41.72820421535798,-87.54970014095306,106,42,39.62
"Wentworth Ave & 33rd St",41.83452988563,-87.6318229814,1997,791,39.61
"Halsted St & Belden St",41.92365,-87.64894,5341,2115,39.60
"Kilbourn Ave & Diversey Ave",41.93179,-87.73934,293,116,39.59
"Damen Ave/Coulter St",41.8492,-87.67564,341,135,39.59
"Kildare Ave & Montrose Ave",41.96108,-87.73569,604,239,39.57
"Farragut Ave & Central Ave",41.97666,-87.76823,268,106,39.55
"Michigan Ave & Madison St",41.882134,-87.625125,6487,2560,39.46
"Public Rack - Wacker Dr & Madison St (West)",41.8819919,-87.63729759,109,43,39.45
"Princeton Ave & Garfield Blvd",41.794982,-87.633124,358,141,39.39
"State St & Randolph St",41.88462107257936,-87.62783423066139,11682,4599,39.37
"Clark St & Armitage Ave",41.918306,-87.636282,24078,9443,39.22
"Public Rack - Sangamon St & Fulton St",41.88692786,-87.6511014,342,134,39.18
"State St & Van Buren St",41.877181,-87.627844,7159,2805,39.18
"Sacramento Ave & Linden Pl",41.92575,-87.70258,2350,918,39.06
"Elston Ave & Henderson St",41.94154,-87.70086,374,146,39.04
"Ashland Ave & Lake St",41.88592,-87.66717,5163,2013,38.99
"Public Rack - Christiana Ave & Belmont Ave",41.93917,-87.71169,372,145,38.98
"Cityfront Plaza Dr & Pioneer Ct",41.890573,-87.622072,11661,4543,38.96
"Public Rack - Kenmore Ave & Armitage Ave",41.91821172,-87.65452851,108,42,38.89
"Indiana Ave & 26th St",41.845687,-87.622481,2859,1111,38.86
"Ashland Ave & Grace St",41.95068,-87.6687,3119,1211,38.83
"Damen Ave & Coulter St",41.850434,-87.674989,227,88,38.77
"Wells St & Ohio St",41.89281,-87.63421,3358,1302,38.77
"Harding Ave & Chicago Ave",41.895313,-87.724738,111,43,38.74
"Shore Dr & 55th St",41.795212,-87.580715,11364,4395,38.67
"Sacramento Ave & Lunt Ave",42.0082,-87.70461,282,109,38.65
"Ashland Ave & Archer Ave",41.83920868403,-87.6656098589,510,197,38.63
"Delano Ct & Roosevelt Rd",41.867491,-87.63219,6649,2567,38.61
"Laflin St & Cullerton St",41.85491457576575,-87.66355991363525,2740,1057,38.58
"Kedzie Ave & Milwaukee Ave",41.928999,-87.70803,3715,1433,38.57
"Walsh Park",41.91461,-87.667968,5260,2028,38.56
"Hudson Ave & Armitage Ave",41.91818,-87.64,6138,2365,38.53
"Spaulding Ave & Division St",41.90270659438,-87.709219571,2028,780,38.46
"Kenosha Ave & Wellington Ave",41.934457,-87.733795,325,125,38.46
"State St & 35th St",41.8310363140161,-87.62679755687714,2346,902,38.45
"Dodge Ave & Main St",42.03463185161588,-87.69918769598006,718,276,38.44
"Drake Ave & Armitage Ave",41.91749,-87.71524,778,299,38.43
"Dearborn St & Erie St",41.894,-87.62922,7641,2935,38.41
"Southport Ave & Newport Ave Public Rack",41.944019,-87.663975,1542,592,38.39
"Western Ave & Ardmore Ave",41.98662,-87.68968,224,86,38.39
"Clark St & Berwyn Ave",41.978179,-87.668033,224,86,38.39
"Rockwell St & Fletcher St",41.93885,-87.69299,2122,813,38.31
"Laramie Ave & Madison St",41.880207,-87.755337,128,49,38.28
"South Shore Dr & 74th St",41.76218896038,-87.55927465,489,187,38.24
"Western Ave & 43rd St",41.81574,-87.68489,241,92,38.17
"Central Park Ave & Elbridge Ave",41.93533728263,-87.7168892935,3231,1232,38.13
"Virginia Ave & Catalpa Ave",41.98124,-87.70495,168,64,38.10
"Michigan Ave & 18th St",41.857926,-87.624336,8511,3242,38.09
"Lake/Aberdeen Corral",41.8856975,-87.6545365,113,43,38.05
"Spaulding Ave & Armitage Ave",41.91710803478932,-87.71022096276283,4509,1715,38.04
"Clinton St & Roosevelt Rd",41.8671177825,-87.6410879593,5680,2160,38.03
"Public Rack - Clifton Ave & Armitage Ave",41.91800358,-87.65627483,108,41,37.96
"Cottage Grove Ave & 51st St",41.803038,-87.606615,941,357,37.94
"Racine Ave & Belmont Ave",41.939743,-87.658865,10501,3982,37.92
"Lynch Ave & Elston Ave",41.98096,-87.76149,161,61,37.89
"LaSalle St & Illinois St",41.890762,-87.631697,20466,7751,37.87
"Archer (Damen) Ave & 37th St",41.826712,-87.683144,420,159,37.86
"State St & Harrison St",41.874053,-87.627716,7409,2804,37.85
"Halsted St & 21st St",41.85377981072743,-87.6466029882431,2421,916,37.84
"Public Rack - Damen Ave & Division St",41.90328073,-87.67622971,180,68,37.78
"Halsted St & Maxwell St",41.864883,-87.647071,7444,2809,37.74
"Milwaukee Ave & Wolfram St",41.93301,-87.71428,854,322,37.70
"MLK Jr Dr & 29th St",41.842052,-87.617,4131,1556,37.67
"Western Ave & Howard St",42.018901,-87.690048,1073,404,37.65
"Western Ave & Division St",41.902893,-87.687275,4349,1636,37.62
"Halsted St & Lake St",41.88576,-87.64711,3625,1363,37.60
"California Ave & Division St",41.903029,-87.697474,3692,1388,37.59
"Larrabee St & Webster Ave",41.921822,-87.64414,15163,5682,37.47
"Public Rack - Kingsbury Ave & Blackhawk St",41.90822033,-87.65166629,686,257,37.46
"Avers Ave & Belmont Ave",41.939408,-87.723574,2957,1106,37.40
"Warren Park East",42.00454962194,-87.6806661451,816,304,37.25
"Fairbanks Ct & Grand Ave",41.89184737210993,-87.62058019638062,13909,5180,37.24
"Racine Ave & Webster Ave",41.9216,-87.65859,2167,806,37.19
"Halsted St & Armitage Ave",41.91823,-87.64879,8430,3131,37.14
"St Clair St & Ohio St",41.89238,-87.62264,5948,2209,37.14
"Lincoln Ave & Dickens Ave",41.92012,-87.6416,5917,2196,37.11
"Elston Ave & George St",41.934003,-87.690823,1883,698,37.07
"Sacramento Blvd & Addison St",41.94609,-87.70298,448,166,37.05
"Damen Ave & Grand Ave",41.89239445296271,-87.67688512802124,1818,673,37.02
"Canal St & Taylor St",41.870257,-87.639474,5315,1966,36.99
"Bissell St & Armitage Ave",41.9182955629354,-87.65218332409859,6567,2427,36.96
"Ashland Ave & Belle Plaine Ave",41.956057,-87.668835,624,230,36.86
"Kimball Ave & Wrightwood Ave",41.92837,-87.71244,1110,409,36.85
"Oakley Ave & Touhy Ave",42.012342,-87.688243,562,207,36.83
"Ashland Ave & Grace St",41.950687,-87.6687,1443,531,36.80
"Green St & Randolph St*",41.883601657275165,-87.64862671494483,4096,1507,36.79
"St. Clair St & Erie St",41.89434513742426,-87.62279838323593,6341,2333,36.79
"Lakeview Ave & Fullerton Pkwy",41.925858,-87.638973,13480,4957,36.77
"Kedzie Ave & Leland Ave",41.96668636205,-87.7080519806,2002,736,36.76
"Kedzie Ave & George St",41.933886,-87.707262,1948,716,36.76
"Damen Ave & Cortland St",41.915983,-87.677335,10084,3706,36.75
"LaSalle St & Washington St",41.882664,-87.63253,479,176,36.74
"Wabash Ave & Jackson Blvd",41.87801,-87.62599,4417,1622,36.72
"LaSalle St & Adams St",41.87934437346,-87.6319852213,4363,1602,36.72
"Lincoln Ave & Montana St",41.92657,-87.6506,4743,1740,36.69
"Mies van der Rohe Way & Chestnut St",41.8985866514,-87.6219152258,13819,5068,36.67
"Glenwood Ave & Touhy Ave",42.012701,-87.666058,1675,614,36.66
"Southport Ave & Wellington Ave",41.93577461766458,-87.66360014677048,11733,4298,36.63
"Sheffield Ave & Wrightwood Ave",41.928712,-87.653833,13529,4946,36.56
"Elmwood Ave & Austin St",42.025784,-87.684107,1008,368,36.51
"Hoyne Ave & 34th St",41.8320245,-87.6778387,296,108,36.49
"Kenmore Ave & Catalpa Ave",41.98203,-87.65653,433,158,36.49
"Wabash Ave & Washington St",41.8832,-87.62662,10322,3766,36.49
"Public Rack - Wells St & Wacker Dr",41.88663267,-87.63405978,299,109,36.45
"Broadway & Oakdale Ave",41.93558,-87.64405,8159,2974,36.45
"Kilpatrick Ave & Parker Ave",41.93074,-87.74407,118,43,36.44
"Wells St & Evergreen Ave",41.906724,-87.63483,15249,5557,36.44
"California Ave & Francis Pl",41.91849115368695,-87.69742280244827,4348,1583,36.41
"California Ave & Cortez St",41.900363,-87.696704,4781,1737,36.33
"Lamon Ave & Belmont Ave",41.9390108,-87.7492834,179,65,36.31
"Ashland Ave & Belle Plaine Ave",41.95605,-87.66883,1719,624,36.30
"Francisco Ave & Chicago Ave",41.895745,-87.698653,2532,919,36.30
"Western Ave & Monroe St",41.88142526,-87.6866316818,1130,410,36.28
"Southport Ave & Diversey Pkwy",41.93266,-87.66347,3053,1107,36.26
"Leavitt St & Division St",41.902997,-87.683825,3858,1399,36.26
"W Armitage Ave & N Sheffield Ave",41.917805,-87.653449,1997,724,36.25
"Milwaukee Ave & Armitage Ave",41.91771,-87.68864,4292,1554,36.21
"Southport Ave & Clark St",41.957081,-87.664199,3786,1370,36.19
"Melvina Ave & Giddings Ave",41.96648,-87.78202,351,127,36.18
"Kimball Ave & Belmont Ave",41.93939395344302,-87.71206766366959,4019,1452,36.13
"Wabash Ave & Adams St",41.87947235235,-87.6256886059,7693,2779,36.12
"Elston Ave & Wabansia Ave",41.912919,-87.664169,2672,965,36.12
"Vincennes Ave & 79th St",41.7506,-87.63409,108,39,36.11
"Racine Ave & 18th St",41.8583996,-87.6564226,5477,1974,36.04
"Rockwell Ave & Logan Blvd",41.92811,-87.69268,1455,524,36.01
"Ridge Blvd & Touhy Ave",42.01213227742,-87.6829126443,892,321,35.99
"Columbus Dr & Randolph St",41.884728,-87.619521,20747,7463,35.97
"Normal Ave & Archer Ave",41.849527,-87.640591,933,335,35.91
"Racine Ave & 15th St",41.861267,-87.656625,2998,1076,35.89
"Public Rack - Wacker Dr & Madison St (East)",41.88184658,-87.63650719,131,47,35.88
"Greenview Ave & Diversey Pkwy",41.93258963429789,-87.66593635082245,2554,914,35.79
"Loomis St & Archer Ave",41.84163253965,-87.6574349533,1012,362,35.77
"Stockton Dr & Wrightwood Ave",41.93132,-87.638742,11859,4234,35.70
"Morgan St & 18th St",41.858086,-87.651073,4914,1753,35.67
"Kedzie Ave & Foster Ave",41.975672,-87.709261,1026,366,35.67
"Green St & Washington Blvd",41.88318130597391,-87.64872461557388,6124,2183,35.65
"Green St & Lake St ",41.88558,-87.64841,7749,2761,35.63
"Marshfield Ave & Wabansia Ave",41.91218,-87.66888,1392,496,35.63
"Bissell St & Armitage Ave*",41.9182955629354,-87.65218332409859,5771,2055,35.61
"Wood St & Milwaukee Ave",41.907655,-87.672552,1643,585,35.61
"Winchester Ave & Elston Ave",41.92409085038,-87.6764600747,2768,984,35.55
"Menard Ave & Lawrence Ave",41.96788,-87.77274,301,107,35.55
"Troy St & Grace St",41.95024,-87.70627,321,114,35.51
"Public Rack - Wells St & Monroe St",41.8806039,-87.63357568,169,60,35.50
"Kedzie Ave & Armitage Ave",41.91759,-87.70685,2998,1064,35.49
"McClurg Ct & Ohio St",41.892592119709725,-87.61728912591934,20796,7376,35.47
"Milwaukee Ave & Highland Ave",41.99636,-87.78674,384,136,35.42
"Daley Center Plaza",41.88424,-87.62963,1433,507,35.38
"Halsted St & Roscoe St",41.94367,-87.64895,13767,4870,35.37
"Damen Ave & Wellington Ave",41.93588,-87.67842,4733,1673,35.35
"Public Rack - Spaulding Ave & North Ave",41.910138,-87.709553,184,65,35.33
"Southport Ave & Irving Park Rd",41.954177,-87.664358,6698,2363,35.28
"Campbell Ave & Irving Park Rd",41.95362,-87.69079,465,164,35.27
"N Green St & W Lake St",41.885579,-87.648484,1018,359,35.27
"Eastlake Ter & Howard St",42.01920250193227,-87.66430288553238,1487,524,35.24
"Whipple St & Irving Park Rd",41.95422,-87.70444,338,119,35.21
"Damen Ave & Cullerton St",41.854966518753926,-87.67569959163664,2909,1022,35.13
"MLK Jr Dr & Pershing Rd",41.8246,-87.61678,1196,420,35.12
"Halsted St & 18th St",41.85750568031716,-87.64599144458771,3995,1403,35.12
"Halsted St & Fulton St",41.886871,-87.648089,2581,906,35.10
"Christiana Ave & Lawrence Ave",41.96835449363,-87.7118306675,2018,708,35.08
"Riley O'Neil Memorial Station at City Hall",41.8832351,-87.6321117,1075,377,35.07
"Public Rack - Rockwell & Division",41.90282,-87.692397,174,61,35.06
"Francisco Ave & Montrose Ave",41.9610471,-87.700901,693,243,35.06
"McCormick Blvd & Devon Ave",41.9972,-87.71105,1138,399,35.06
"N Shore Channel Trail & Argyle St",41.97222,-87.70282,505,177,35.05
"Blackstone Ave & Hyde Park Blvd",41.802562,-87.590368,4014,1406,35.03
"Morgan St & Hubbard St",41.89012,-87.65251,1799,630,35.02
"Marine Dr & Ainslie St",41.9716,-87.650154,6846,2394,34.97
"Lawndale Ave & 59th St",41.78638,-87.7157,103,36,34.95
"LaSalle Dr & Huron St",41.894877,-87.632326,10485,3664,34.95
"N Southport Ave & W Newport Ave",41.944019,-87.663975,1102,385,34.94
"Mason Ave & Montrose Ave",41.96056,-87.77588,269,94,34.94
"Kenmore Ave & School St",41.94166,-87.6556,212,74,34.91
"Wabash Ave & 9th St",41.870769,-87.625734,12201,4258,34.90
"Stony Island Ave & 57th St",41.79161,-87.58748,496,173,34.88
"DuSable Museum",41.79156801058,-87.6078521774,711,248,34.88
"Hoyne Ave & Balmoral Ave",41.979851,-87.681932,2102,733,34.87
"State St & 19th St",41.856594,-87.627542,2534,883,34.85
"Western Ave & Congress Pkwy",41.87474885079,-87.6864452757,2091,728,34.82
"Damen Ave & Wabansia Ave",41.91225,-87.67722,3761,1309,34.80
"Ashland Ave & Belle Plaine Ave",41.95453,-87.67071,477,166,34.80
"Tripp Ave & 15th St",41.86077,-87.73136,115,40,34.78
"Public Rack - Wells St & Ontario St",41.89338454,-87.63401972,118,41,34.75
"California Ave & Milwaukee Ave",41.922695,-87.697153,10701,3717,34.74
"Larrabee St & Armitage Ave",41.918084,-87.643749,7185,2496,34.74
"Racine Ave & Fullerton Ave",41.925566,-87.658416,8241,2863,34.74
"Wallace St & 28th St",41.843511,-87.6419,815,283,34.72
"Damen Ave & Charleston St",41.920082,-87.677855,5672,1969,34.71
"Clark St & Elmdale Ave",41.99086044812557,-87.66972362995148,2618,908,34.68
"Halsted St & Wrightwood Ave",41.929143,-87.649077,13381,4639,34.67
"Western Ave & Walton St",41.89841768945,-87.6865960164,5034,1745,34.66
"Clark St & Wellington Ave",41.9364968219,-87.6475386582,12248,4244,34.65
"Kildare Ave & Chicago Ave",41.8954357,-87.7334818,127,44,34.65
"Washington Blvd & Peoria St Public Rack",41.883043,-87.649931,387,134,34.63
"Central Ave & Parker Ave",41.9301785,-87.7661217,130,45,34.62
"Sheridan Rd & Buena Ave",41.958494,-87.654966,2126,736,34.62
"Wood St & Cortland St",41.91589,-87.67281,2316,800,34.54
"Halsted St & 35th St",41.830661,-87.647172,3012,1039,34.50
"Green St & Chicago Ave",41.893392,-87.650737,4557,1572,34.50
"Kenwood Ave & 57th St",41.79153,-87.59295,116,40,34.48
"Stetson Ave & South Water St",41.886835,-87.62232,9691,3339,34.45
"Winthrop Ave & Lawrence Ave",41.968812,-87.657659,4941,1702,34.45
"Clark St & Schreiber Ave",41.999245,-87.671249,2880,990,34.38
"Sacramento Ave & Pratt Blvd",42.00404,-87.70473,291,100,34.36
"Wood St & Milwaukee Ave",41.90629,-87.67151,3409,1169,34.29
"Clark St & Leland Ave",41.96708783918421,-87.66729086637497,8455,2896,34.25
"Washtenaw Ave & Ogden Ave",41.86193049278259,-87.69345045089722,590,202,34.24
"Public Rack - Hyde Park Blvd & 53rd St",41.799468,-87.584206,187,64,34.22
"St. Clair St & Erie St 1",41.8944,-87.62286,4655,1592,34.20
"Leavitt St/North Ave",41.910077,-87.682306,351,120,34.19
"Damen Ave & Pierce Ave",41.9093581,-87.6777585,13522,4622,34.18
"Smith Park",41.892048,-87.689397,1894,647,34.16
"Sawyer Ave & Fullerton Ave",41.92448,-87.7092,1003,342,34.10
"Albany Ave & Belmont Ave",41.93966,-87.70526,534,182,34.08
"Paulina St & Lincoln Ave Public Rack",41.943838,-87.671469,1212,413,34.08
"Damen Ave & Foster Ave",41.9758109755749,-87.67950989857908,5424,1846,34.03
"Milwaukee Ave & Grand Ave",41.891578,-87.648384,13524,4597,33.99
"Leavitt St & Belmont Ave",41.939354,-87.683282,4443,1510,33.99
"Narragansett Ave & Montrose Ave",41.959978,-87.786928,262,89,33.97
"Dearborn St & Van Buren St",41.876268,-87.629155,6960,2363,33.95
"State St & 29th St",41.841707,-87.626938,180,61,33.89
"Ashland Ave & Grand Ave",41.891072,-87.666611,4455,1508,33.85
"State St & Kinzie St",41.88937546663168,-87.62707650661469,14059,4757,33.84
"Racine Ave & Randolph St",41.884081224846845,-87.65692072930314,4035,1365,33.83
"Public Rack - Carpenter St & Madison St",41.8816062,-87.6535114,287,97,33.80
"Western Ave & Wabansia Ave",41.91208,-87.68752,2222,751,33.80
"Pine Grove Ave & Wellington Ave",41.93651,-87.64119,4666,1575,33.75
"Halsted St & Dickens Ave",41.919936,-87.64883,9177,3096,33.74
"Albany Ave & Bloomingdale Ave",41.91402671273,-87.705126462,3893,1313,33.73
"Clark St & Arlington Pl",41.92694,-87.64148,11801,3976,33.69
"Lake/Sangamon Corral",41.8854693,-87.6508941,101,34,33.66
"Sheridan Rd & Loyola Ave",42.00104377979,-87.6611982433,3970,1336,33.65
"Fairfield Ave & Pratt Blvd",42.0044482,-87.6985973,431,145,33.64
"Carpenter St & Lake St Public Rack",41.885586,-87.6531893,720,242,33.61
"Rockwell St & Cermak Rd",41.851644,-87.690621,598,201,33.61
"Morgan St & Lake St",41.88549170626906,-87.65228927135468,6072,2040,33.60
"Damen Ave & Ohio St",41.89239445296271,-87.67688512802124,3343,1122,33.56
"Racine Ave & Wrightwood Ave",41.928887,-87.658971,6139,2058,33.52
"Sedgwick St & Schiller St",41.907626,-87.638566,4457,1493,33.50
"Halsted St & 47th Pl",41.80813391481,-87.6456165545,224,75,33.48
"Western Ave & Lyndale St",41.9226,-87.68772,1536,514,33.46
"Granville Ave & Clark St",41.9944,-87.66983,1450,485,33.45
"Wells St & Concord Ln",41.912133,-87.634656,28135,9408,33.44
"Damen Ave & Melrose Ave",41.9406,-87.6785,4006,1336,33.35
"Dearborn St & Erie St",41.893992,-87.629318,10583,3528,33.34
"Drake Ave & Montrose Ave",41.96115407569,-87.7165690733,1276,425,33.31
"Clark St & Washington St",41.88301,-87.631,2135,711,33.30
"Rush St & Cedar St",41.90230870122,-87.627690528,12135,4039,33.28
"Monticello Ave & Lawrence Ave",41.9682,-87.71953,298,99,33.22
"Damen Ave & Evergreen Ave",41.90605,-87.67758,1903,632,33.21
"Public Rack - Orleans St & Grand Ave",41.89164251,-87.63679677,250,83,33.20
"Dearborn St & Division St",41.9043,-87.62991,10932,3629,33.20
"Damen Ave & Wicker Park Ave",41.9088152,-87.6771937,6644,2205,33.19
"Greenview Ave & Fullerton Ave",41.92533,-87.6658,7439,2468,33.18
"Peterson/Ridge Metra",41.9918,-87.67489,3928,1303,33.17
"Wilton Ave & Belmont Ave",41.940231918108594,-87.65294373035431,19149,6350,33.16
"Campbell Ave & Augusta Blvd",41.899578,-87.689497,3241,1074,33.14
"St. Louis Ave & Fullerton Ave",41.92481559681187,-87.71449506282805,2613,866,33.14
"Ashland Ave & Division St",41.90301,-87.66877,2077,688,33.12
"Desplaines St & Randolph St",41.883703,-87.644238,7411,2454,33.11
"Seeley Ave & Roscoe St",41.943403,-87.679618,5018,1661,33.10
"Public Rack - Kingsbury Ave & Eastman St",41.90687904,-87.6508806,423,140,33.10
"Kenneth Ave & Lawrence Ave",41.967821,-87.73998,251,83,33.07
"Larrabee St & Division St",41.90348607004,-87.6433534936,11208,3706,33.07
"Kedzie Ave & 60th St",41.78458,-87.70319,251,83,33.07
"Vincennes Ave & 95th St",41.72126,-87.65005,124,41,33.06
"Sheffield Ave & Wellington Ave",41.9362534831413,-87.65266209840775,12813,4236,33.06
"Kilpatrick Ave & Parker Ave",41.930736,-87.744082,118,39,33.05
"Whipple/Irving Park",41.954189,-87.704448,439,145,33.03
"Broadway & Roscoe Ave",41.9436,-87.64532,5709,1884,33.00
"Western Ave & Winnebago Ave",41.91552,-87.687022,6367,2098,32.95
"Clark St & Montrose Ave",41.961588,-87.666036,7125,2347,32.94
"Mies van der Rohe Way & Chicago Ave",41.896944626370825,-87.62175768613815,11808,3887,32.92
"Halsted St & 37th St",41.827059,-87.64572,793,261,32.91
"California Ave & Montrose Ave",41.961068,-87.695439,3002,988,32.91
"Broadway & Barry Ave",41.93758231600629,-87.6440978050232,16244,5344,32.90
"Southport Ave & Wrightwood Ave",41.928773,-87.663913,8927,2934,32.87
"Southport Ave & Roscoe St",41.943739,-87.66402,15085,4956,32.85
"Seminary Ave & Belden Ave",41.92339,-87.65599,2418,794,32.84
"Sheffield Ave & Fletcher St",41.93901,-87.65321,2760,906,32.83
"Public Rack - Washtenaw Ave & Superior St",41.894738,-87.695204,661,217,32.83
"California Ave & Altgeld St",41.92669,-87.697668,2987,980,32.81
"Stave St & Armitage Ave",41.917741,-87.691392,3703,1214,32.78
"Ritchie Ct & Banks St",41.906866,-87.626217,10792,3536,32.77
"Monticello Ave & Diversey Ave",41.93172,-87.71846,663,217,32.73
"Lincoln Ave & Peterson Ave",41.990267,-87.70857,657,215,32.72
"Sedgwick St & Webster Ave",41.922167,-87.638888,11852,3877,32.71
"Oakley Ave & Lyndale St",41.92261,-87.68513,2257,738,32.70
"Sedgwick St & North Ave",41.910983,-87.638525,12411,4058,32.70
"Ravenswood Ave & Irving Park Rd",41.95469,-87.67393,5117,1673,32.69
"Sacramento Ave & Lyndale St",41.92235,-87.70241,1462,478,32.69
"Broadway & Belmont Ave",41.940106,-87.645451,12068,3943,32.67
"Clark St & Schiller St",41.907993,-87.631501,14650,4784,32.66
"Green St & Chicago Ave",41.89621,-87.64902,830,271,32.65
"Wabash Ave & Roosevelt Rd",41.867227,-87.625961,17788,5808,32.65
"Francisco Ave & Montrose Ave",41.96106,-87.70095,720,235,32.64
"Aberdeen St & Randolph St",41.884114,-87.654264,9655,3148,32.60
"Wells St & Polk St",41.87273154226308,-87.63351649045944,11391,3713,32.60
"Lincoln Ave & Diversey Pkwy",41.932225,-87.658617,10233,3334,32.58
"Central Ave & Chicago Ave",41.894958,-87.764902,172,56,32.56
"Albany Ave & Montrose Ave",41.961041,-87.705866,2324,756,32.53
"Public Rack - Emerald Ave & 43rd St",41.81643,-87.644754,163,53,32.52
"Honore St & Division St",41.903119,-87.673935,9331,3034,32.52
"Lincoln Ave & Belle Plaine Ave",41.95600355078549,-87.68016144633293,4788,1556,32.50
"Phillips Ave & 79th St",41.75182,-87.565211,191,62,32.46
"Public Rack - California Ave & Cortez St",41.900105,-87.696817,268,87,32.46
"Dayton St & North Ave",41.9105780349,-87.6494219288,11376,3688,32.42
"Greenview Ave & Jarvis Ave",42.015962,-87.66857,3097,1004,32.42
"Ashland Ave & Blackhawk St",41.907066,-87.667252,7144,2314,32.39
"Noble St & Ohio St",41.89242,-87.66206,5182,1678,32.38
"Talman Ave & Addison St",41.9466358306,-87.694614758,3136,1015,32.37
"Lock St & 31st St",41.837962,-87.659049,958,310,32.36
"Public Rack - Clark St & Oak St",41.90107054,-87.63147893,136,44,32.35
"Sheridan Rd & Argyle St",41.97328682025979,-87.65475958585739,7309,2363,32.33
"Clark St & Winnemac Ave",41.97334764047304,-87.6678554713726,13626,4404,32.32
"California Ave & 21st St",41.8537957934734,-87.69582286477088,920,297,32.28
"Ridge Blvd & Howard St",42.019276,-87.68452,797,257,32.25
"Linder Ave & Montrose Ave",41.96081,-87.76488,307,99,32.25
"Keystone Ave & Fullerton Ave",41.92459,-87.72785,1281,413,32.24
"Clark St & Lunt Ave",42.00901118058077,-87.67411172389984,3767,1214,32.23
"Franklin St & Randolph St",41.88439,-87.63517,1142,368,32.22
"Broadway & Argyle St",41.97423,-87.6597735,6570,2116,32.21
"Wells St & Madison St",41.88199,-87.63418,5090,1637,32.16
"Rush St & Superior St",41.89576474564,-87.6259080327,12437,3998,32.15
"Jeffery Blvd & 71st St",41.76663823695,-87.5764501141,448,144,32.14
"Broadway & Thorndale Ave",41.98974251144,-87.6601406209,6814,2190,32.14
"Woodlawn Ave & 55th St",41.795264,-87.596471,8844,2842,32.13
"Damen Ave & Division St",41.903266,-87.678435,8764,2815,32.12
"Lincoln Ave & Byron St",41.952372,-87.677296,4794,1540,32.12
"Paulina St & Cortland St",41.91626,-87.67019,3332,1070,32.11
"Morgan St & 31st St",41.8378,-87.65114,3293,1057,32.10
"Cornell Ave & Hyde Park Blvd",41.802406,-87.586924,6413,2056,32.06
"Paulina Ave & North Ave",41.90985465216731,-87.66993016004562,6323,2027,32.06
"Wells St & Randolph St",41.884295,-87.633963,10964,3513,32.04
"Peoria St & Kinzie St",41.88896,-87.64973,7268,2328,32.03
"Paulina St & 18th St",41.857901,-87.668745,4395,1405,31.97
"Clark St & Elm St",41.90297,-87.6313,24689,7877,31.90
"Clark St & Touhy Ave",42.01256011541,-87.6743671152,869,277,31.88
"Broadway & Wilson Ave",41.965221,-87.658139,8292,2643,31.87
"Wells St & Hubbard St",41.889906,-87.634266,23888,7614,31.87
"Sheridan Rd & Irving Park Rd",41.954245,-87.654406,13753,4382,31.86
"Leavitt St & Lawrence Ave",41.968885,-87.684001,3430,1092,31.84
"Blackstone Ave & 53rd St",41.79962,-87.59013,2877,915,31.80
"Central Park Ave & Bloomingdale Ave",41.914166,-87.716755,2441,776,31.79
"Cicero Ave & Wrightwood Ave",41.9279057,-87.7467295,302,96,31.79
"Halsted St & Fulton St",41.88672,-87.64729,4475,1420,31.73
"Sheffield Ave & Webster Ave",41.92154,-87.653818,11928,3785,31.73
"Kedzie Ave & Palmer Ct",41.921525,-87.707322,4007,1271,31.72
"Lincoln Ave & Addison St",41.946176,-87.673308,3747,1188,31.71
"Milwaukee Ave & Ainslie St",41.96861,-87.76108,1659,526,31.71
"Hampden Ct & Diversey Pkwy",41.93247,-87.64242,10469,3320,31.71
"Bernard St & Elston Ave",41.949923,-87.713949,1032,327,31.69
"Clark St & Wrightwood Ave",41.929546,-87.643118,15795,5003,31.67
"Spaulding Ave & Milwaukee Ave",41.93089,-87.71072,2331,738,31.66
"Franklin St & Illinois St",41.89102331025185,-87.63547986745834,11282,3571,31.65
"900 W Harrison St",41.874754,-87.649807,8495,2689,31.65
"Dearborn St & Adams St 2",41.87963,-87.62937,3052,966,31.65
"Clark St & Berwyn Ave",41.978017,-87.668019,10714,3390,31.64
"Orleans St & Chestnut St (NEXT Apts)",41.898203,-87.637536,7195,2276,31.63
"Southport Ave & Belmont Ave",41.93947775040509,-87.6637476682663,9609,3038,31.62
"Sangamon St & Washington Blvd",41.883165,-87.6511,7111,2248,31.61
"Southport Ave & Clybourn Ave",41.9215759,-87.6664335,516,163,31.59
"Budlong Woods Library",41.98366470886,-87.6964225611,741,234,31.58
"Homan Ave & Fillmore St",41.868114,-87.7109257,111,35,31.53
"Sheffield Ave & Fullerton Ave",41.9256163,-87.6536574,15844,4996,31.53
"Wells St & Washington St",41.883,-87.63396,4391,1383,31.50
"Clark St & Chicago Ave",41.89675,-87.63089,10615,3343,31.49
"Ravenswood Ave & Grace St",41.95051,-87.67407,432,136,31.48
"Western Ave & Roscoe St",41.943034,-87.687288,3008,947,31.48
"Kostner Ave & Wrightwood Ave",41.927957,-87.735952,518,163,31.47
"Karlov Ave & Lawrence Ave",41.967947,-87.730409,515,162,31.46
"Clark St & Fletcher St",41.93894,-87.65031,2976,935,31.42
"California Ave & Winona St",41.974712,-87.697852,223,70,31.39
"Larrabee St & North Ave",41.91021,-87.6435,5990,1879,31.37
"Wolcott (Ravenswood) Ave & Montrose Ave",41.961406,-87.676169,5714,1792,31.36
"Broadway & Granville Ave",41.9947796884,-87.6602845349,7104,2228,31.36
"Western Ave & Ardmore Ave",41.9867636,-87.6898796,214,67,31.31
"Ashland Ave & Wrightwood Ave",41.92883,-87.668507,5421,1697,31.30
"Western Ave & 21st St",41.854109,-87.685838,1291,404,31.29
"Avondale Ave & Irving Park Rd",41.953393,-87.732002,2578,806,31.26
"Elizabeth St & Randolph St",41.884336,-87.658902,9231,2884,31.24
"Damen Ave & Clybourn Ave",41.93221,-87.67859,2251,702,31.19
"Carpenter St & Huron St",41.894556,-87.653449,8435,2627,31.14
"Edgebrook Metra",41.99751,-87.76539,379,118,31.13
"Lincoln Ave & Sunnyside Ave",41.963004,-87.684781,6155,1915,31.11
"Dearborn Pkwy & Delaware Pl",41.898969,-87.629912,19698,6129,31.11
"Artesian Ave & 55th St",41.79402,-87.68577,135,42,31.11
"Drake Ave & Addison St",41.947326,-87.717582,1730,538,31.10
"Broadway & Cuyler Ave",41.955417,-87.6515,2453,763,31.10
"Public Rack - Clark St & Diversey Pkwy (North 2)",41.93333147,-87.64542123,505,157,31.09
"Broadway & Ridge Ave",41.9840446107,-87.6602738295,4477,1391,31.07
"Clarendon Ave & Junior Ter",41.961004,-87.649603,11714,3639,31.07
"Michigan Ave & 14th St",41.864059,-87.623727,10918,3386,31.01
"Shields Ave & 28th Pl",41.842733,-87.635491,1597,495,31.00
"Jefferson St & Monroe St",41.880329633634624,-87.64274597167967,6775,2097,30.95
"Rush St & Hubbard St",41.890173,-87.626185,8822,2728,30.92
"Public Rack - Dearborn St & Superior St",41.89571985,-87.62953575,220,68,30.91
"Milwaukee Ave & The 606",41.913754,-87.6826658,11381,3516,30.89
"North Branch St & Haines St",41.90056,-87.65079,667,206,30.88
"Morgan St & Lake St*",41.88549170626906,-87.65228927135468,5475,1690,30.87
"Damen Ave & Thomas St (Augusta Blvd)",41.901315,-87.677409,7199,2221,30.85
"Sheridan Rd & Montrose Ave",41.96167,-87.65464,11000,3392,30.84
"Franklin St & Jackson Blvd",41.8777079559,-87.6353211408,15202,4686,30.82
"Public Rack - Hyde Park Blvd & 55th St",41.795,-87.584113,396,122,30.81
"Peoria St & Jackson Blvd",41.8776415962753,-87.64961779117584,12837,3947,30.75
"Wood St & Beach Ave",41.907655,-87.672552,9014,2770,30.73
"Halsted St & Willow St",41.913865,-87.648755,8739,2685,30.72
"Southport Ave & Grace St",41.95155,-87.66404,2682,824,30.72
"McClurg Ct & Erie St",41.894503,-87.617854,11027,3385,30.70
"North Boundary Park",42.01303,-87.70891,580,178,30.69
"Elston Ave & Cortland St",41.91643342912655,-87.66674637794495,10775,3305,30.67
"Wabash Ave & 16th St",41.860384,-87.625813,8199,2513,30.65
"Marshfield Ave & Diversey Pkwy",41.93204,-87.6697,1426,436,30.58
"Dearborn St & Adams St Corral",41.87939,-87.62988,625,191,30.56
"Halsted St & Clybourn Ave",41.909668,-87.648128,18172,5550,30.54
"California Ave & Byron St",41.95216219326,-87.698051113,2496,762,30.53
"Wells St & Huron St",41.8947953,-87.6343743,23724,7235,30.50
"Halsted St & North Branch St",41.90056,-87.65079,105,32,30.48
"N Paulina St & Lincoln Ave",41.943838,-87.671469,880,268,30.45
"Public Rack - Wacker Dr & Adams St",41.87941641,-87.63719315,309,94,30.42
"Aberdeen St & Carroll Ave",41.88819,-87.65459,8540,2596,30.40
"Wells St & Institute Pl",41.89737986072316,-87.63442039489746,7677,2332,30.38
"Sangamon St & Lake St",41.88577925240433,-87.65102460980414,9835,2987,30.37
"Clarendon Ave & Leland Ave",41.967968,-87.650001,6639,2016,30.37
"Larrabee St & Chicago Ave",41.89677,-87.6386,168,51,30.36
"Wilton Ave & Diversey Pkwy",41.932418,-87.652705,14351,4357,30.36
"Ashland Ave & Division St",41.9035529,-87.6704292,2592,787,30.36
"Dearborn St & Monroe St",41.881319815,-87.6295209193,5902,1791,30.35
"Larrabee St & Clybourn Ave",41.9066,-87.64322,3191,968,30.34
"Pine Grove Ave & Irving Park Rd",41.9543646,-87.6479285,13292,4031,30.33
"Franklin St & Chicago Ave",41.89679,-87.63564,12018,3641,30.30
"Damen Ave & Clybourn Ave",41.931931,-87.677856,1882,570,30.29
"Elston Ave & Carmen Ave",41.97354,-87.74955,324,98,30.25
"Throop St & Taylor St",41.868968,-87.659141,5067,1530,30.20
"Claremont Ave & Hirsch St",41.907781,-87.685854,2364,714,30.20
"Wells St & Walton St",41.89993001,-87.63443007,13517,4082,30.20
"Wells St & Elm St",41.903222,-87.634324,26325,7949,30.20
"Blue Island Ave & 18th St",41.857556,-87.661535,5331,1609,30.18
"Broadway & Sheridan Rd",41.952833,-87.649993,12515,3777,30.18
"Hyacinth Ave & Milwaukee Ave",41.99282,-87.78377,305,92,30.16
"Washtenaw Ave & Peterson Ave",41.99073,-87.69705,136,41,30.15
"Millard Ave & 26th St",41.84453112462163,-87.71592199802399,262,79,30.15
"Clark St & Columbia Ave",42.00445062934,-87.6724024047,2210,666,30.14
"Leavitt St & Armitage Ave",41.917805,-87.682437,5204,1568,30.13
"Dearborn St & Adams St 1",41.8793563587,-87.6297910363,4217,1270,30.12
"Clark St & Ida B Wells Dr",41.8759326655,-87.6305845355,8735,2627,30.07
"Public Rack - Milwaukee Ave & Diversey Ave",41.93123,-87.711501,193,58,30.05
"Troy St & Grace St",41.950244,-87.706489,506,152,30.04
"May St & Hubbard St",41.89008,-87.65597,4368,1311,30.01
"Public Rack - Spaulding Ave & Evergreen Ave",41.905317,-87.709521,280,84,30.00
"Broadway & Cornelia Ave",41.945529,-87.646439,17805,5329,29.93
"Clinton St & 18th St",41.85795,-87.640826,3224,965,29.93
"Sheridan Rd & Berwyn Ave",41.97828,-87.65529,3649,1092,29.93
"Harper Ave & 55th St",41.7953,-87.58833,5674,1696,29.89
"Dearborn St & Adams St",41.8793563587,-87.6297910363,5095,1521,29.85
"Financial Pl & Ida B Wells Dr",41.8750236280333,-87.6330940425396,9302,2776,29.84
"Southport Ave & Waveland Ave",41.948226,-87.6640712,16632,4962,29.83
"Lincoln Ave & Fullerton Ave",41.924161029067626,-87.64638036489487,15908,4746,29.83
"Damen Ave & St Paul Ave",41.91301,-87.67778,3418,1018,29.78
"Public Rack - Western Ave & Devon Ave",41.997579,-87.689713,131,39,29.77
"Noble St & Potomac Ave",41.905533,-87.662715,2570,764,29.73
"2112 W Peterson Ave",41.991178,-87.683593,811,241,29.72
"Merrimac Park",41.95261,-87.78535,249,74,29.72
"Damen Ave & Leland Ave",41.967081,-87.679076,6773,2008,29.65
"Clifton Ave & Armitage Ave",41.918216,-87.656936,9707,2872,29.59
"Milwaukee Ave & Wabansia Ave",41.912616,-87.681469,3434,1015,29.56
"Damen Ave & Chicago Ave",41.8956873705344,-87.67713508286369,11095,3277,29.54
"Clark St & Drummond Pl",41.931248,-87.644336,13746,4049,29.46
"Canal St & Harrison St",41.874255,-87.639573,3304,973,29.45
"Pine Grove Ave & Waveland Ave",41.94947274088333,-87.64645278453827,16542,4872,29.45
"Sheridan Rd & Buena Ave",41.95848,-87.65507,6923,2038,29.44
"Long Ave & Diversey Ave",41.93104,-87.76124,214,63,29.44
"Ogden Ave & Race Ave",41.891795,-87.658751,6322,1860,29.42
"Leavitt St & North Ave",41.91016,-87.68232,3695,1087,29.42
"State St & Pearson St",41.897448,-87.628722,7276,2140,29.41
"Komensky Ave & 47th St",41.80769,-87.72472,157,46,29.30
"Dearborn St & Maple St",41.90192,-87.63026,10440,3055,29.26
"Ogden Ave & Chicago Ave",41.896362458,-87.6540612729,9560,2796,29.25
"Dorchester Ave & 53rd St",41.79943,-87.59227,3487,1019,29.22
"Clark St & Jarvis Ave",42.015963,-87.675005,1500,438,29.20
"Sheridan Rd & Lawrence Ave",41.969517,-87.654691,4902,1430,29.17
"Ashland Ave & Wellington Ave",41.936083,-87.669807,6133,1786,29.12
"Aberdeen St & Monroe St",41.880419,-87.655519,2514,732,29.12
"Central Park Blvd & 5th Ave",41.875679,-87.71547,237,69,29.11
"Racine Ave & 13th St",41.865054,-87.656959,1261,367,29.10
"W Washington Blvd & N Peoria St",41.883043,-87.649931,677,197,29.10
"Lake Park Ave & 56th St",41.79161,-87.58748,5514,1604,29.09
"Sedgwick St & Chicago Ave",41.89677,-87.6386,3011,876,29.09
"Racine Ave & Broadway",41.968235,-87.6596548,4854,1409,29.03
"State St & 54th St",41.796642,-87.625923,255,74,29.02
"Orleans St & Merchandise Mart Plaza",41.888243,-87.63639,18518,5366,28.98
"Kedzie Ave & Chicago Ave",41.89546530305,-87.7061278837,765,221,28.89
"Leavitt St & North Ave",41.9102148,-87.6823525,2629,759,28.87
"Riverside Plaza & Adams St",41.87926,-87.63879,5681,1640,28.87
"Logan Blvd & Elston Ave",41.929465,-87.684158,4038,1165,28.85
"Lincoln Ave & Balmoral Ave",41.979461,-87.693013,1041,300,28.82
"May St & Taylor St",41.869375,-87.65544,3591,1034,28.79
"Federal St & Polk St",41.87207763285,-87.6295437729,16586,4771,28.77
"Sheridan Rd & Greenleaf Ave",42.01058656284,-87.6624120948,2267,652,28.76
"Wells St & Randolph St Corral",41.88438,-87.63396,690,198,28.70
"Desplaines St & Kinzie St",41.888716036,-87.6444478533,21584,6184,28.65
"Leavitt St & Augusta Blvd",41.89962,-87.68194,2777,795,28.63
"Long Ave & North Ave",41.9092147,-87.7609189,126,36,28.57
"Manor Ave & Leland Ave",41.965875,-87.700825,1616,460,28.47
"Lincoln Ave & Winona St",41.97491129677,-87.6925025594,2354,669,28.42
"Paulina St & Division St",41.9035529,-87.6704292,10531,2990,28.39
"Fulton Market",41.886871,-87.648089,11408,3231,28.32
"Broadway & Waveland Ave",41.949074,-87.648636,18353,5196,28.31
"Western Ave & Grace St",41.95035,-87.68808,1774,502,28.30
"Public Rack - Morgan St & Madison St",41.88178984,-87.65178053,159,45,28.30
"Dorchester Ave & 49th St",41.805772,-87.592464,1219,345,28.30
"Harper Ave & 59th St",41.78794281287,-87.5883151702,2831,799,28.22
"Dearborn St & Washington St",41.88299,-87.6293,2913,822,28.22
"Commercial Ave & 83rd St",41.744615,-87.551208,156,44,28.21
"Monticello Ave & Irving Park Rd",41.95400483876,-87.7191281797,2096,591,28.20
"Kimbark Ave & 53rd St",41.7994549,-87.5947779,11960,3368,28.16
"Wood St & 35th St",41.83010465416,-87.6702983089,708,199,28.11
"Fairbanks St & Superior St",41.895748,-87.620104,5975,1679,28.10
"Clark St & Bryn Mawr Ave",41.983593,-87.669154,7564,2117,27.99
"Western Ave & Leland Ave",41.96572,-87.68844,5837,1631,27.94
"Clark St & Lake St",41.88602082773,-87.6308760584,17136,4768,27.82
"Rockwell/Irving Park Hub",41.954212,-87.69317,504,140,27.78
"Noble St & Milwaukee Ave",41.9007,-87.662607,7544,2095,27.77
"Lake Park Ave & 53rd St",41.79949429373,-87.5864498959,5881,1631,27.73
"St. Clair St & Erie St 2",41.89445,-87.62268,7385,2047,27.72
"N Shore Channel Trail & Argyle St",41.972177,-87.702749,343,95,27.70
"Dearborn St & Erie St",41.89281,-87.63421,1427,395,27.68
"Public Rack - South Shore Dr & 71st St",41.766206,-87.562789,217,60,27.65
"Aberdeen St & Jackson Blvd",41.87772613,-87.65478743,13413,3705,27.62
"Lamon Ave & Belmont Ave",41.93897,-87.74927,203,56,27.59
"Troy St & Elston Ave",41.94524356848,-87.7066499009,2291,632,27.59
"Western Ave & Granville Ave",41.99416136902,-87.689438282,1512,416,27.51
"Wood St & Hubbard St",41.889715,-87.671966,4032,1109,27.50
"Kilbourn Ave & Irving Park Rd",41.953733,-87.740569,619,170,27.46
"Green St & Madison St",41.88185932803823,-87.64926373958588,16669,4578,27.46
"Carpenter St & Fulton St",41.88668,-87.65315,4249,1165,27.42
"Vernon Ave & 79th St",41.75094,-87.61379,124,34,27.42
"Broadway & Berwyn Ave",41.978361,-87.659789,7134,1955,27.40
"Malden St & Wilson Ave",41.96526,-87.66275,3251,890,27.38
"Emerald Ave & 31st St",41.838198,-87.645143,3659,1001,27.36
"Eckhart Park",41.89637337,-87.66098386,6912,1887,27.30
"Larrabee St & Oak St",41.90021949323,-87.6429854676,1056,288,27.27
"Wilton Ave & Diversey Pkwy*",41.932418,-87.652705,2377,648,27.26
"California Ave & 23rd Pl",41.84910969176,-87.6951398068,478,130,27.20
"Drexel Ave & 60th St",41.785861,-87.604553,4500,1224,27.20
"Lincoln Ave & Waveland Ave",41.948797,-87.675278,4183,1137,27.18
"Damen Ave & Sunnyside Ave",41.96325,-87.679258,3958,1075,27.16
"Orleans St & Hubbard St",41.890028,-87.636618,8592,2332,27.14
"Campbell Ave & North Ave",41.910535,-87.689556,5115,1387,27.12
"Southport Ave & Clybourn Ave",41.9207449,-87.6636913,5431,1471,27.09
"Elizabeth St & Fulton St",41.88672,-87.65957,6877,1862,27.08
"Woodlawn Ave & 58th St",41.789381,-87.596479,8536,2310,27.06
"State St & 33rd St",41.834734,-87.625813,3760,1017,27.05
"Clarendon Ave & Gordon Ter",41.95786652415174,-87.64950513839722,12941,3499,27.04
"Wood St & Webster Ave",41.92105672992757,-87.67279744148254,3056,826,27.03
"Orleans St & Elm St",41.902924,-87.637715,5590,1510,27.01
"Franklin St & Adams St ",41.87943409140013,-87.63550400733948,8524,2301,26.99
"Ashland Ave & Chicago Ave",41.89595435734305,-87.6677280664444,6744,1820,26.99
"Ashland Ave & 13th St",41.865234,-87.666507,3451,931,26.98
"Central Park Ave & Ardmore Ave",41.9866081,-87.7187674,420,113,26.90
"Leavitt St & Chicago Ave",41.895501,-87.682017,5153,1383,26.84
"Damen Ave & Chicago Ave Public Rack",41.895809,-87.678519,559,150,26.83
"Public Rack - Clybourn Ave & Dickens Ave",41.91908084,-87.66107185,224,60,26.79
"Warren Park West",42.001785,-87.688829,1065,285,26.76
"Public Rack - Kedzie Ave & Argyle St",41.972097,-87.708572,292,78,26.71
"California Ave & Winona St",41.97471,-87.69786,277,74,26.71
"Ashland Ave & Grace St",41.9525,-87.66929,270,72,26.67
"Kilbourn Ave & Belden Ave",41.922369,-87.739024,469,125,26.65
"Shields Ave & 31st St",41.838464,-87.635406,3020,802,26.56
"Wacker Dr & Randolph St",41.88454,-87.63732,5702,1510,26.48
"Sheridan Rd & Columbia Ave",42.004583,-87.661406,3157,835,26.45
"Central Park Ave & Augusta Blvd",41.89894,-87.71649,155,41,26.45
"Ada St & Washington Blvd",41.88283,-87.661206,6699,1772,26.45
"Rockwell St & Eastwood Ave",41.96590013976,-87.6936384935,3170,838,26.44
"State St & Chicago Ave",41.89661720040753,-87.62857854366302,28613,7564,26.44
"Lincoln Ave & Roscoe St",41.9433502470174,-87.67066776752472,4811,1271,26.42
"Paulina St & Montrose Ave",41.961507,-87.671387,4586,1211,26.41
"Franklin St & Madison St",41.88139,-87.63542,2262,597,26.39
"Blackstone Ave & 59th St",41.787877,-87.590461,9086,2398,26.39
"Halsted St & Roosevelt Rd",41.867324,-87.648625,5925,1563,26.38
"Franklin St & Lake St",41.885837,-87.6355,11843,3118,26.33
"Artesian Ave & Hubbard St",41.8895,-87.688257,5218,1374,26.33
"Sawyer Ave & Irving Park Rd",41.9536,-87.70931,1501,395,26.32
"Ellis Ave & 60th St",41.78509714636,-87.6010727606,16249,4268,26.27
"Lockwood Ave & Wrightwood Ave",41.927766,-87.758544,625,164,26.24
"Daley Center Plaza",41.884241,-87.629634,18660,4892,26.22
"Cicero Ave & Roscoe Ave",41.942427,-87.747315,347,91,26.22
"Calumet Ave & 33rd St",41.83472,-87.61797,2905,758,26.09
"Malcolm X College",41.877618,-87.673895,2074,541,26.08
"Racine Ave & Washington Blvd",41.883073,-87.656952,4722,1227,25.98
"Public Rack - Woodlawn Ave & 63rd St N",41.780621,-87.596033,336,87,25.89
"Cottage Grove Ave & 47th St",41.809855,-87.606755,120,31,25.83
"Ashland Ave & Augusta Blvd",41.89962,-87.66841,6714,1727,25.72
"Racine Ave & Congress Pkwy",41.87464,-87.65703,5641,1449,25.69
"Clinton St & Madison St",41.88166,-87.64115,12871,3305,25.68
"Oglesby Ave & 100th St",41.71339748442245,-87.56584167480469,148,38,25.68
"California Ave & 26th St",41.8436799145765,-87.69496858119965,222,57,25.68
"Winchester (Ravenswood) Ave & Balmoral Ave",41.979762,-87.67753,2045,525,25.67
"Lincoln Ave & Melrose St",41.9406,-87.669435,9971,2558,25.65
"Western Ave & Berteau Ave",41.95774,-87.688273,1752,448,25.57
"LaSalle St & Washington St",41.8832351,-87.6321117,3666,936,25.53
"Kingsbury St & Kinzie St 1",41.88907,-87.63835,13224,3366,25.45
"Maplewood Ave & Peterson Ave",41.99023602867,-87.6933696402,516,131,25.39
"Larrabee St & Menomonee St",41.91468,-87.64332,5472,1387,25.35
"Desplaines St & Jackson Blvd",41.87811890091227,-87.64394760131836,12346,3123,25.30
"Sheffield Ave & Willow St",41.913688,-87.652855,8538,2159,25.29
"Public Rack - Jensen Park",41.964864,-87.720774,182,46,25.27
"Ellis Ave & 55th St",41.79430062054,-87.6014497734,17748,4482,25.25
"Franklin St & Monroe St",41.88031,-87.63518,892,225,25.22
"Washtenaw Ave & Peterson Ave",41.99066,-87.697075,131,33,25.19
"Clinton St & Tilden St",41.875885,-87.640795,6859,1727,25.18
"LaSalle St & Adams St Corral",41.87938,-87.63208,560,141,25.18
"Morgan Ave & 14th Pl",41.862378,-87.651062,4379,1101,25.14
"Virginia Ave & Catalpa Ave",41.9812456,-87.7048924,183,46,25.14
"Sacramento Blvd & Fulton Ave",41.886528,-87.70167,259,65,25.10
"Ravenswood Ave & Berteau Ave",41.957921,-87.673567,4501,1127,25.04
"Kingsbury St & Kinzie St",41.88917683258,-87.6385057718,14973,3742,24.99
"Ogden Ave & Congress Pkwy",41.87501,-87.67328,2817,703,24.96
"LaSalle St & Washington St Corral",41.88288,-87.63251,225,56,24.89
"Kedzie Ave & Bryn Mawr Ave",41.98222975911517,-87.70888656377792,849,211,24.85
"Greenview Ave & Diversey Pkwy",41.93266,-87.66347,141,35,24.82
"Ellis Ave & 53rd St",41.79933626261,-87.6009581145,6348,1575,24.81
"Wood St & Chicago Ave",41.895634,-87.672069,7134,1762,24.70
"Sangamon St & Adams St",41.87909,-87.65128,4448,1098,24.69
"Keystone Ave & Montrose Ave",41.96110801623,-87.7289701012,1083,267,24.65
"Clinton St & Madison St",41.882751965685614,-87.64119029045105,12777,3148,24.64
"Public Rack - Orleans St & Ontario St",41.89306681,-87.63873783,126,31,24.60
"Public Rack - Hoyne Ave & Walton St",41.898502,-87.67952,179,44,24.58
"Halsted St & Melrose St",41.94112,-87.64907,3614,888,24.57
"Kenwood Ave & 57th St",41.79154,-87.59295,2149,528,24.57
"Oak Park & Wellington",41.934586,-87.7959613,114,28,24.56
"Washtenaw Ave & Lawrence Ave",41.9687297,-87.6962603,2765,679,24.56
"Ravenswood Ave & Lawrence Ave",41.968445,-87.674226,18203,4466,24.53
"Western Ave & Gunnison St",41.96966,-87.6895259,1171,287,24.51
"Burling St & Diversey Pkwy",41.93314,-87.64776,10608,2599,24.50
"University Ave & 59th St",41.787878,-87.598906,6402,1567,24.48
"Broadway & Sunnyside Ave",41.963419,-87.656069,6389,1559,24.40
"Clybourn Ave & Division St",41.904613,-87.640552,5965,1452,24.34
"Franklin St & Washington St",41.88318,-87.63511,7963,1937,24.33
"Rhodes Ave & 32nd St",41.836208,-87.613533,2660,647,24.32
"Sheffield Ave & Kingsbury St",41.910522,-87.653106,12659,3076,24.30
"University Ave & 57th St",41.791478,-87.599861,21161,5115,24.17
"Canal St & Lake St",41.88597,-87.63999,5178,1245,24.04
"Francisco Ave & Foster Ave",41.97563272521,-87.7014194389,2493,599,24.03
"Public Rack - Desplaines St & Fulton St",41.8868924,-87.64341688,275,66,24.00
"Wood St & Augusta Blvd",41.899181,-87.6722,6069,1456,23.99
"Larrabee St & Oak St",41.900381,-87.642002,5459,1307,23.94
"Kingsbury St & Erie St",41.8939139,-87.6417358,18875,4494,23.81
"Loomis St & Jackson Blvd",41.877945,-87.662007,4611,1092,23.68
"N Damen Ave & W Chicago Ave",41.895809,-87.678519,530,125,23.58
"N Carpenter St & W Lake St",41.885586,-87.6531893,1447,341,23.57
"Karlov Ave & Armitage Ave",41.91748,-87.728952,924,217,23.48
"Emerald Ave & 28th St",41.84358,-87.645368,1680,393,23.39
"Greenwood Ave & 47th St",41.809835,-87.599383,1859,432,23.24
"Clinton St & Lake St",41.885637,-87.641823,17208,3997,23.23
"Lincoln Ave & Roscoe St*",41.9433502470174,-87.67066776752472,4053,938,23.14
"Larrabee St & Kingsbury St",41.897764,-87.642884,7436,1719,23.12
"Sedgwick St & Huron St",41.894666,-87.638437,12702,2937,23.12
"Lavergne Ave & Lawrence Ave",41.96775,-87.75259,303,70,23.10
"Cottage Grove Ave & 49th St",41.806273,-87.606643,469,108,23.03
"Oakley Ave & Irving Park Rd",41.95434085219,-87.6860796243,2223,512,23.03
"LaSalle St & Calhoun Pl Corral",41.88288,-87.63251,1047,241,23.02
"Dearborn St & Madison St",41.88206,-87.62964,5373,1236,23.00
"May St & Cullerton St",41.855136,-87.654127,2790,641,22.97
"Cherry Ave & Blackhawk St",41.907221,-87.655618,2140,491,22.94
"Public Rack - Trader Joe's Clybourn Ave",41.91467859,-87.6549158,336,77,22.92
"Aberdeen St & Monroe St",41.88014,-87.6547,5195,1185,22.81
"Campbell Ave & Montrose Ave",41.961524,-87.691177,3462,785,22.67
"Canal St & Madison St",41.882409,-87.639767,29196,6581,22.54
"LaSalle St & Calhoun Pl ",41.882664,-87.63253,4383,987,22.52
"Public Rack - Hamlin Ave & Montrose Ave",41.961216,-87.722416,298,67,22.48
"Glenwood Ave & Morse Ave",42.00797192287,-87.6655023944,4598,1032,22.44
"Bosworth Ave & Howard St",42.019537,-87.669563,848,190,22.41
"Richmond St & 59th St",41.78649,-87.69733,143,32,22.38
"Canal St & Adams St",41.879255,-87.639904,18683,4103,21.96
"Halsted St & Polk St",41.87184,-87.64664,9888,2132,21.56
"Monticello Ave & Lawrence Ave",41.96854701272379,-87.71821394221091,723,154,21.30
"Kingsbury St & Kinzie St 2",41.889188,-87.638387,15755,3348,21.25
"Wacker Dr & Washington St Corral",41.88316,-87.63736,1516,320,21.11
"Wacker Dr & Washington St",41.88314336439022,-87.63724207878113,8344,1755,21.03
"St. Clair St & Erie St",41.8944,-87.62286,635,133,20.94
"Paulina St & Flournoy St",41.87306108789792,-87.66913488507271,7390,1547,20.93
"Loomis St & Lexington St",41.87222873224032,-87.66136385500431,13669,2849,20.84
"May St & Taylor St",41.86938,-87.6555,4950,1031,20.83
"Canal St & Monroe St",41.8829056,-87.6397409,9992,2079,20.81
"Clinton St & Jackson Blvd",41.87831661183069,-87.64098107814789,24416,5043,20.65
"Wolcott Ave & Fargo Ave",42.016977,-87.677725,595,121,20.34
"Dearborn St & Adams St",41.87963,-87.62937,582,118,20.27
"LaSalle St & Jackson Blvd",41.878166,-87.631929,12978,2629,20.26
"Kildare Ave & Division St",41.902393,-87.733598,282,57,20.21
"Kilpatrick Ave & Grand Ave",41.912732,-87.743636,305,61,20.00
"Hermitage Ave & Polk St",41.871514,-87.669886,5097,1003,19.68
"Western Ave & Fillmore St",41.868563,-87.686234,2193,430,19.61
"Pulaski Rd & Ann Lurie Pl",41.81644,-87.7248,179,35,19.55
"Franklin St & Adams St Corral",41.87942,-87.63558,1183,230,19.44
"Ellis Ave & 58th St",41.788746,-87.601334,8053,1548,19.22
"Canal St & Jackson Blvd",41.878125,-87.639968,13448,2568,19.10
"Bernard St & Peterson Ave",41.9904393,-87.715236,306,58,18.95
"Franklin St & Monroe St",41.880317,-87.635185,14128,2613,18.50
"Clinton St & Washington Blvd",41.88281,-87.6412,7391,1357,18.36
"Larrabee St & Kingsbury St 1",41.897764,-87.642884,11212,2051,18.29
"California Ave & Granville Ave",41.9941803,-87.6995596,1168,212,18.15
"Clinton St & Washington Blvd 2",41.88338,-87.64117,14654,2638,18.00
"Halsted St & 96th St",41.71971218361882,-87.6430195569992,223,38,17.04
"Wolcott Ave & Polk St",41.871262,-87.673688,7947,1344,16.91
"May St & Taylor St",41.86961,-87.65428,571,96,16.81
"California Ave & 16th St",41.85926,-87.6955,298,50,16.78
"LaSalle St & Jackson Blvd Corral",41.87816,-87.63204,975,162,16.62
"Morgan St & Polk St",41.871737,-87.65103,11588,1914,16.52
"Larrabee St & Kingsbury St 2",41.89758,-87.6429,8097,1317,16.27
"St Louis Ave & Foster Ave",41.9759837,-87.7159844,802,129,16.08
"[Archived] Wilton Ave & Diversey Pkwy",41.932418,-87.652705,170,27,15.88
"Kingsbury St & Kinzie St",41.88907,-87.63835,1489,236,15.85
"Hastings St Depot Public Rack",41.8635164,-87.6797485,152,24,15.79
"Clinton St & Washington Blvd",41.88338,-87.64117,12844,1971,15.35
"Kenneth Ave & Lawrence Ave",41.967943,-87.739983,342,52,15.20
"Ogden Ave & Roosevelt Rd",41.86650148316,-87.68469707,1745,265,15.19
"Wood St & Taylor St (Temp)",41.869265218438194,-87.67373085021973,5269,795,15.09
"St. Louis Ave & Balmoral Ave",41.98039423475,-87.7161149615,1295,190,14.67
"Western Ave & Lunt Ave",42.0085943972,-87.6904922389,1372,197,14.36
"Cottage Grove Ave & 78th St",41.753174,-87.605026,307,43,14.01
"Public Rack - Washtenaw Ave & Devon Ave",41.997764,-87.697221,311,43,13.83
"Public Rack - Drake Ave & Leland Ave",41.9659853,-87.716876,242,27,11.16
"Vernon Ave & 75th St",41.758361,-87.614138,290,32,11.03
"Central Park & Augusta Blvd",41.8989108,-87.7164901,297,32,10.77
"Public Rack - Kedvale Ave & 63rd St W",41.778761,-87.726892,124,12,9.68
"Hastings LWS",41.8635164,-87.6797485,204,19,9.31
"Public Rack - Pulaski Rd & 44th St",41.8129,-87.7225,121,11,9.09
"Hastings St Depot LWS",41.8635164,-87.6797485,101,9,8.91
"Public Rack - Justine St & 87th St",41.736019,-87.66243,176,15,8.52
"Public Rack - Kimball & Ardmore",41.987024,-87.71397,133,11,8.27
"MLK Jr Dr & 83rd St",41.743116,-87.6148,123,10,8.13
"Public Rack - Western Ave & 47th Pl",41.808038,-87.684709,104,7,6.73
"Public Rack - Foster Ave & Drake Ave",41.975563,-87.717352,174,6,3.45
