"rider_type","day_of_week","hour","total_rides"
"casual","Monday",0,4141
"member","Monday",0,2781
"casual","Monday",1,2507
"member","Monday",1,1636
"casual","Monday",2,1628
"member","Monday",2,1023
"casual","Monday",3,980
"member","Monday",3,766
"casual","Monday",4,939
"member","Monday",4,1304
"casual","Monday",5,1800
"member","Monday",5,5978
"casual","Monday",6,4039
"member","Monday",6,18035
"casual","Monday",7,7246
"member","Monday",7,35684
"casual","Monday",8,9873
"member","Monday",8,44683
"casual","Monday",9,8298
"member","Monday",9,24115
"casual","Monday",10,9219
"member","Monday",10,17429
"casual","Monday",11,11842
"member","Monday",11,20440
"casual","Monday",12,14378
"member","Monday",12,23960
"casual","Monday",13,15203
"member","Monday",13,23667
"casual","Monday",14,16178
"member","Monday",14,24914
"casual","Monday",15,18279
"member","Monday",15,34496
"casual","Monday",16,22448
"member","Monday",16,54720
"casual","Monday",17,26096
"member","Monday",17,67058
"casual","Monday",18,21414
"member","Monday",18,49451
"casual","Monday",19,15515
"member","Monday",19,32371
"casual","Monday",20,11245
"member","Monday",20,22179
"casual","Monday",21,9240
"member","Monday",21,16767
"casual","Monday",22,7288
"member","Monday",22,10157
"casual","Monday",23,4525
"member","Monday",23,5094
"casual","Tuesday",0,3143
"member","Tuesday",0,2557
"casual","Tuesday",1,1676
"member","Tuesday",1,1305
"casual","Tuesday",2,1095
"member","Tuesday",2,774
"casual","Tuesday",3,599
"member","Tuesday",3,689
"casual","Tuesday",4,746
"member","Tuesday",4,1338
"casual","Tuesday",5,1878
"member","Tuesday",5,7169
"casual","Tuesday",6,4610
"member","Tuesday",6,21984
"casual","Tuesday",7,8765
"member","Tuesday",7,44995
"casual","Tuesday",8,12118
"member","Tuesday",8,57249
"casual","Tuesday",9,8439
"member","Tuesday",9,27272
"casual","Tuesday",10,7680
"member","Tuesday",10,18148
"casual","Tuesday",11,9502
"member","Tuesday",11,20781
"casual","Tuesday",12,11447
"member","Tuesday",12,25122
"casual","Tuesday",13,12119
"member","Tuesday",13,24415
"casual","Tuesday",14,12989
"member","Tuesday",14,24549
"casual","Tuesday",15,15425
"member","Tuesday",15,35976
"casual","Tuesday",16,21091
"member","Tuesday",16,62551
"casual","Tuesday",17,27060
"member","Tuesday",17,77255
"casual","Tuesday",18,23678
"member","Tuesday",18,56625
"casual","Tuesday",19,17044
"member","Tuesday",19,37888
"casual","Tuesday",20,12884
"member","Tuesday",20,26537
"casual","Tuesday",21,11667
"member","Tuesday",21,20577
"casual","Tuesday",22,8067
"member","Tuesday",22,12488
"casual","Tuesday",23,4458
"member","Tuesday",23,6069
"casual","Wednesday",0,3113
"member","Wednesday",0,3050
"casual","Wednesday",1,1723
"member","Wednesday",1,1479
"casual","Wednesday",2,1055
"member","Wednesday",2,801
"casual","Wednesday",3,722
"member","Wednesday",3,667
"casual","Wednesday",4,859
"member","Wednesday",4,1235
"casual","Wednesday",5,2065
"member","Wednesday",5,7526
"casual","Wednesday",6,4828
"member","Wednesday",6,22491
"casual","Wednesday",7,9461
"member","Wednesday",7,46584
"casual","Wednesday",8,13067
"member","Wednesday",8,57252
"casual","Wednesday",9,8181
"member","Wednesday",9,27758
"casual","Wednesday",10,7363
"member","Wednesday",10,18735
"casual","Wednesday",11,9197
"member","Wednesday",11,21184
"casual","Wednesday",12,11051
"member","Wednesday",12,24915
"casual","Wednesday",13,11368
"member","Wednesday",13,24187
"casual","Wednesday",14,12232
"member","Wednesday",14,24697
"casual","Wednesday",15,15333
"member","Wednesday",15,36926
"casual","Wednesday",16,21716
"member","Wednesday",16,62256
"casual","Wednesday",17,28548
"member","Wednesday",17,76191
"casual","Wednesday",18,24865
"member","Wednesday",18,57194
"casual","Wednesday",19,18722
"member","Wednesday",19,38337
"casual","Wednesday",20,13805
"member","Wednesday",20,26972
"casual","Wednesday",21,12747
"member","Wednesday",21,21708
"casual","Wednesday",22,8836
"member","Wednesday",22,13824
"casual","Wednesday",23,5338
"member","Wednesday",23,6949
"casual","Thursday",0,3570
"member","Thursday",0,3513
"casual","Thursday",1,2106
"member","Thursday",1,1834
"casual","Thursday",2,1276
"member","Thursday",2,966
"casual","Thursday",3,800
"member","Thursday",3,731
"casual","Thursday",4,874
"member","Thursday",4,1329
"casual","Thursday",5,1929
"member","Thursday",5,6300
"casual","Thursday",6,4666
"member","Thursday",6,20824
"casual","Thursday",7,9480
"member","Thursday",7,43654
"casual","Thursday",8,12754
"member","Thursday",8,56361
"casual","Thursday",9,9258
"member","Thursday",9,29201
"casual","Thursday",10,8680
"member","Thursday",10,20155
"casual","Thursday",11,11018
"member","Thursday",11,23086
"casual","Thursday",12,13434
"member","Thursday",12,27481
"casual","Thursday",13,13854
"member","Thursday",13,25930
"casual","Thursday",14,14901
"member","Thursday",14,26146
"casual","Thursday",15,17950
"member","Thursday",15,38191
"casual","Thursday",16,24184
"member","Thursday",16,61028
"casual","Thursday",17,29825
"member","Thursday",17,73094
"casual","Thursday",18,25982
"member","Thursday",18,54354
"casual","Thursday",19,19370
"member","Thursday",19,36805
"casual","Thursday",20,14066
"member","Thursday",20,26019
"casual","Thursday",21,11007
"member","Thursday",21,19060
"casual","Thursday",22,9528
"member","Thursday",22,14446
"casual","Thursday",23,7332
"member","Thursday",23,8975
"casual","Friday",0,5862
"member","Friday",0,5106
"casual","Friday",1,3690
"member","Friday",1,2817
"casual","Friday",2,2101
"member","Friday",2,1501
"casual","Friday",3,1170
"member","Friday",3,1045
"casual","Friday",4,1182
"member","Friday",4,1455
"casual","Friday",5,2163
"member","Friday",5,6216
"casual","Friday",6,4865
"member","Friday",6,17034
"casual","Friday",7,8118
"member","Friday",7,30485
"casual","Friday",8,10588
"member","Friday",8,37530
"casual","Friday",9,10309
"member","Friday",9,25742
"casual","Friday",10,12405
"member","Friday",10,21445
"casual","Friday",11,17121
"member","Friday",11,26593
"casual","Friday",12,20776
"member","Friday",12,32138
"casual","Friday",13,21636
"member","Friday",13,32615
"casual","Friday",14,21854
"member","Friday",14,32142
"casual","Friday",15,25154
"member","Friday",15,41049
"casual","Friday",16,30668
"member","Friday",16,54903
"casual","Friday",17,32833
"member","Friday",17,58789
"casual","Friday",18,29078
"member","Friday",18,48154
"casual","Friday",19,22129
"member","Friday",19,34533
"casual","Friday",20,16222
"member","Friday",20,23873
"casual","Friday",21,13558
"member","Friday",21,18138
"casual","Friday",22,14017
"member","Friday",22,15920
"casual","Friday",23,12287
"member","Friday",23,12316
"casual","Saturday",0,11967
"member","Saturday",0,9806
"casual","Saturday",1,8745
"member","Saturday",1,6628
"casual","Saturday",2,5612
"member","Saturday",2,3925
"casual","Saturday",3,2948
"member","Saturday",3,2128
"casual","Saturday",4,1719
"member","Saturday",4,1230
"casual","Saturday",5,1480
"member","Saturday",5,2328
"casual","Saturday",6,2839
"member","Saturday",6,5376
"casual","Saturday",7,4936
"member","Saturday",7,9960
"casual","Saturday",8,9728
"member","Saturday",8,17849
"casual","Saturday",9,16339
"member","Saturday",9,25167
"casual","Saturday",10,24810
"member","Saturday",10,31789
"casual","Saturday",11,31861
"member","Saturday",11,36272
"casual","Saturday",12,37142
"member","Saturday",12,38184
"casual","Saturday",13,37700
"member","Saturday",13,38029
"casual","Saturday",14,38753
"member","Saturday",14,37794
"casual","Saturday",15,39804
"member","Saturday",15,38210
"casual","Saturday",16,37763
"member","Saturday",16,37568
"casual","Saturday",17,32623
"member","Saturday",17,34495
"casual","Saturday",18,27791
"member","Saturday",18,32059
"casual","Saturday",19,21880
"member","Saturday",19,25042
"casual","Saturday",20,16300
"member","Saturday",20,17724
"casual","Saturday",21,15012
"member","Saturday",21,15852
"casual","Saturday",22,16039
"member","Saturday",22,15008
"casual","Saturday",23,13591
"member","Saturday",23,12139
"casual","Sunday",0,12804
"member","Sunday",0,9298
"casual","Sunday",1,8851
"member","Sunday",1,6288
"casual","Sunday",2,5963
"member","Sunday",2,4090
"casual","Sunday",3,3426
"member","Sunday",3,2435
"casual","Sunday",4,2202
"member","Sunday",4,1658
"casual","Sunday",5,2018
"member","Sunday",5,2111
"casual","Sunday",6,3073
"member","Sunday",6,4563
"casual","Sunday",7,4830
"member","Sunday",7,7169
"casual","Sunday",8,8065
"member","Sunday",8,12567
"casual","Sunday",9,13473
"member","Sunday",9,19572
"casual","Sunday",10,19998
"member","Sunday",10,26175
"casual","Sunday",11,24853
"member","Sunday",11,30409
"casual","Sunday",12,28615
"member","Sunday",12,32850
"casual","Sunday",13,29750
"member","Sunday",13,33135
"casual","Sunday",14,30531
"member","Sunday",14,33142
"casual","Sunday",15,31153
"member","Sunday",15,33883
"casual","Sunday",16,30057
"member","Sunday",16,33992
"casual","Sunday",17,26038
"member","Sunday",17,31631
"casual","Sunday",18,21863
"member","Sunday",18,28782
"casual","Sunday",19,15824
"member","Sunday",19,20804
"casual","Sunday",20,11550
"member","Sunday",20,15085
"casual","Sunday",21,8967
"member","Sunday",21,11669
"casual","Sunday",22,8122
"member","Sunday",22,8919
"casual","Sunday",23,5251
"member","Sunday",23,5042
